delete from Type_Document;
insert into Type_Document(code,label) values ('PJ_01','Copie des statuts');
insert into Type_Document(code,label) values ('PJ_02','Copie des statuts mis à jour');
insert into Type_Document(code,label) values ('PJ_03','Copie des actes de nomination des membres des organes de gestion, d''administration, de direction, de surveillance et de contrôle de la société');
insert into Type_Document(code,label) values ('PJ_04','Rapport du commissaire aux apports');
insert into Type_Document(code,label) values ('PJ_05','Décision des fondateurs et documents relatifs à la description et à l''évaluation des apports');
insert into Type_Document(code,label) values ('PJ_06','Certificat du dépositaire des fonds correspondant aux souscriptions avec en annexe la liste des souscripteurs');
insert into Type_Document(code,label) values ('PJ_07','Copie du procès-verbal de l’assemblée constitutive');
insert into Type_Document(code,label) values ('PJ_08','Attestation de parution dans un journal d’annonces légales');
insert into Type_Document(code,label) values ('PJ_09','Copie de l’insertion dans un journal d’annonces légales');
insert into Type_Document(code,label) values ('PJ_10','Copie du récépissé de dépôt des actes constitutifs de la société déposés au greffe avant la demande d’immatriculation.');
insert into Type_Document(code,label) values ('PJ_11','Copie de la carte nationale d’identité');
insert into Type_Document(code,label) values ('PJ_12','Copie du passeport en cours de validité');
insert into Type_Document(code,label) values ('PJ_13','Copie du visa');
insert into Type_Document(code,label) values ('PJ_14','Copie de la carte de séjour');
insert into Type_Document(code,label) values ('PJ_15','Copie de la carte de résident ou copie de son récépissé de renouvellement');
insert into Type_Document(code,label) values ('PJ_16','Justificatif d’identité faisant état du mariage pounr un conjoint collaborateur ou un conjoint salarié');
insert into Type_Document(code,label) values ('PJ_17','Attestation sur l’honneur, sur papier libre, relative à l’absence de condamnation ou de sanction civile ou administrative de nature à interdire l’exercice d’une activité commerciale, faisant apparaître la filiation.');
insert into Type_Document(code,label) values ('PJ_18','Attestation d''élection de domicile mentionnant la date d''expiration');
insert into Type_Document(code,label) values ('PJ_19','Récépissé de dépôt de déclaration préalable délivré par la Préfecture  (étranger ne résidant pas en France)');
insert into Type_Document(code,label) values ('PJ_20','Extrait de l''immatriculation au RCS datant de moins de 3 mois');
insert into Type_Document(code,label) values ('PJ_22','Extrait d’immatriculation ou document équivalent d''un établissement situé dans un Etat membre de l’Union européenne.');
insert into Type_Document(code,label) values ('PJ_23','Titre justifiant de l''existence si non immatriculé au RCS');
insert into Type_Document(code,label) values ('PJ_24','Copie de l’acte ou de la décision conférant à l’intéressé la qualité de représentant permanent');
insert into Type_Document(code,label) values ('PJ_25','Justificatif de la jouissance des locaux (photocopie d’un titre de propriété, contrat de bail, quittances de loyer, factures de gaz, électricité ou téléphone, etc)');
insert into Type_Document(code,label) values ('PJ_26','Justificatif de l’adresse de l’entreprise fixée au local d’habitation, par tout document établi au nom de la personne tenue à l’immatriculation permettant de justifier la réalité de l’adresse déclarée.');
insert into Type_Document(code,label) values ('PJ_29','Copie du contrat de domiciliation');
insert into Type_Document(code,label) values ('PJ_31','Copie du diplôme, du titre ou de l’autorisation provisoire ou définitive permettant à la société d’exercer l’activité réglementée');
insert into Type_Document(code,label) values ('PJ_33','Copie de l’acte enregistré de l''acquisition par achat, licitation , attribution par voie de partage');
insert into Type_Document(code,label) values ('PJ_34','Copie de l’acte d''acquisiton par donation');
insert into Type_Document(code,label) values ('PJ_35','Copie de l’acte de notoriété ou de l’intitulé d’inventaire pour acquisition par dévolution successorale, sans partage ni licitation');
insert into Type_Document(code,label) values ('PJ_36','Copie de l’acte d''acquisition par apport');
insert into Type_Document(code,label) values ('PJ_37','Copie du contrat de location gérance pour le locataire gérant');
insert into Type_Document(code,label) values ('PJ_38','Copie du contrat de gérance mandat pour le mandataire');
insert into Type_Document(code,label) values ('PJ_39','Copie du jugement ordonnant le plan de cession pour un fonds de commerce acquis ou reçu dans le cadre d’un plan de cession, pour la gestion d’un fonds de commerce cédé');
insert into Type_Document(code,label) values ('PJ_40','Justification de l’inscription sur la liste des CAC');
insert into Type_Document(code,label) values ('PJ_41','Lettre du CAC acceptant sa désignation');
insert into Type_Document(code,label) values ('PJ_42','Justificatif d’identité faisant état du mariage du conjoint collaborateur ou du conjoint associé.');
insert into Type_Document(code,label) values ('PJ_43','Attestation notariée relative à l’insaisissabilité');
insert into Type_Document(code,label) values ('PJ_45','Extrait du RCS ou du répertoire des métiers du domiciliataire');
insert into Type_Document(code,label) values ('PJ_46','Etablissement public français : copie du Journal officiel mentionnant l’acte qui a autorisé sa création ou copie de l’acte ayant créé l’établissement');
insert into Type_Document(code,label) values ('PJ_47','Etablissement public français : copie de la décision nommant les personnes chargées de le représenter ou de l’administrer');
insert into Type_Document(code,label) values ('PJ_48','Etablissement public français : copie du Journal officiel mentionnant l’acte qui en a modifié l’organisation ou son fonctionnement ou copie du ou des actes ayant décidé les modifications.');
insert into Type_Document(code,label) values ('PJ_49','Représentation ou agence commerciale des Etats, collectivités ou établissements publics étrangers :  certificat de l’autorité diplomatique ou consulaire dont les personnes chargées de le représenter relèvent attestant la réalité et le caractère officiel de la représentation ou de l’agence');
insert into Type_Document(code,label) values ('PJ_51','Eventuel pouvoir si mandataire');
insert into Type_Document(code,label) values ('PJ_52','Décision de modification certifiée conforme par le représentant légal');
insert into Type_Document(code,label) values ('PJ_53','En cas de suppression d’une activité non sédentaire, carte permettant l’exercice de cette activité');
insert into Type_Document(code,label) values ('PJ_54','PV ayant décidé et constaté la modification enregistrée, certifié conforme par le représentant légal');
insert into Type_Document(code,label) values ('PJ_55','Décision du CA ou du Directoire (modification du capital social d’une SA ou d''une SAS)');
insert into Type_Document(code,label) values ('PJ_56','Certificat du dépositaire (modification du capital social d’une SA  ou d''une SAS)');
insert into Type_Document(code,label) values ('PJ_57','Certificat constatant la libération par compensation ( modification du capital social d’une SA ou d''une SAS)');
insert into Type_Document(code,label) values ('PJ_58','Récépissé de dépôt au greffe du rapport du commissaire à la transformation (transformation d’un SARL en SA)');
insert into Type_Document(code,label) values ('PJ_59','Récépissé du dépôt de clôture des comptes de liquidation');
insert into Type_Document(code,label) values ('PJ_60','Extrait de l''acte de décès en cas de décès de la personne physique immatriculée');
insert into Type_Document(code,label) values ('PJ_61','Copie du contrat d''appui au projet d''entreprise pour la création ou la reprise d''une activité économique certifiée conforme par le représentant légal');
insert into Type_Document(code,label) values ('PJ_62','Attestation de délivrance de l''information donnée à son conjoint des conséquences sur les biens communs des dettes contractées dans l''exercice de sa profession, si l''entrepreneur individuel est marié sous le régime de la communauté légale ou conventionnelle');
insert into Type_Document(code,label) values ('PJ_63','Déclaration sur l''honneur de non-condamnation datée et signée en original par l''intéressé');
insert into Type_Document(code,label) values ('PJ_64','Attestation de filiation (nom et prénoms des parents)');
insert into Type_Document(code,label) values ('PJ_65','Copie authentique de la déclaration relative à l''insaisissabilité');
insert into Type_Document(code,label) values ('PJ_67','Exemplaire de l''état descriptif des biens, droits, obligations, sûretés affectés à l''exercice de l''activité professionnelle, daté et certifié conforme par l''entrepreneur individuel');
insert into Type_Document(code,label) values ('PJ_68','Exemplaire de l''accord exprès et de l''information préalable du conjoint (daté et signé)');
insert into Type_Document(code,label) values ('PJ_69','Exemplaire de l''accord exprès et de l''information préalable du coïndivisaire (daté et signé)');
insert into Type_Document(code,label) values ('PJ_73','Pouvoir d''un des héritiers');
insert into Type_Document(code,label) values ('PJ_74','L''ampliation* de la décision de l''ordre professionnel, en copie. *Copie authentifiée d''un acte notarié ou administratif.');
insert into Type_Document(code,label) values ('PJ_75','Attestation de parution de l''avis relatif au projet de constitution au BALO, si l''une au moins des sociétés participantes fait appel public à l''épargne ou lorsque ses actions ne revêtent pas toutes la forme nominative.');
insert into Type_Document(code,label) values ('PJ_76','Attestation de parution de l''avis constatant que les conditions de constitution de la société européenne holding sont réunies pour chaque société immatriculée en France participant à cette opération, dans un journal habilité à recevoir des annonces légales au niveau national et au BODACC.');
insert into Type_Document(code,label) values ('PJ_77','Copie du récépissé du dépôt du projet de constitution au greffe du tribunal de commerce pour chacune des sociétés participant à l''opération (Immatriculation d''une société européenne holding à directoire et conseil de surveillance)');
insert into Type_Document(code,label) values ('PJ_78','Copie du contrat d''appui au projet d''entreprise pour la création ou la reprise d''une activité économique, certifiée conforme par le représentant légal pour l''EURL');
insert into Type_Document(code,label) values ('PJ_79','Contrat de groupement s''il est établi par acte authentique, ou un original du contrat timbré et enregistré par la recette des impôts, paraphé, daté et signé par tous les membres en personne ou par leurs mandataires, si le contrat est établi par acte sous seing privé. Le(s) pouvoir(s) pour la signature du contrat est(sont) déposé(s) en un exemplaire original.');
insert into Type_Document(code,label) values ('PJ_80','Copie certifiée conforme de l''acte conférant la qualité de représentant permanent d''une personne morale nommée administrateur.');
insert into Type_Document(code,label) values ('PJ_81','Copie du livret de famille ou extrait d''acte de mariage ou acte de naissance si pacsé');
insert into Type_Document(code,label) values ('PJ_82','Compte de liquidation certifié conforme par le liquidateur');
insert into Type_Document(code,label) values ('PJ_83','Acte de cession de fonds de commerce');
insert into Type_Document(code,label) values ('PJ_85','Déclaration de régularité et de conformité');
insert into Type_Document(code,label) values ('PJ_86','Projet de traité de fusion');
insert into Type_Document(code,label) values ('PJ_87','Réalisation de l''apport partiel d''actif');
insert into Type_Document(code,label) values ('PJ_90','Convention de gérance-mandat');
insert into Type_Document(code,label) values ('PJ_91','Rapport commissaire à la transformation (transformation juridique)');
insert into Type_Document(code,label) values ('PJ_92','Certificat de dépôt de fonds');
insert into Type_Document(code,label) values ('PJ_93','PV AG de désignation des administrateurs');
insert into Type_Document(code,label) values ('PJ_94','Déclaration d''option du conjoint collaborateur');
insert into Type_Document(code,label) values ('PJ_97','Liste des sièges sociaux antérieurs');
insert into Type_Document(code,label) values ('PJ_98','Écrit signé avec un mandant');
insert into Type_Document(code,label) values ('PJ_99','Document de synthèse');
insert into Type_Document(code,label) values ('PJ_111','Lettre de demande de régularisation/ lettre de rejet');
insert into Type_Document(code,label) values ('PJ_112','Lettre de refus');
insert into Type_Document(code,label) values ('PJ_113','Lettre de classement sans suite');
insert into Type_Document(code,label) values ('PJ_115','Document de synthèse signé');
insert into Type_Document(code,label) values ('PJ_132','Convention de représentation');
insert into Type_Document(code,label) values ('PJ_133','Procès-verbal de clôture et de liquidation');
insert into Type_Document(code,label) values ('PJ_134','Procès-verbal de clôture et de liquidation avec mention d''enregistrement auprès des impôts');
insert into Type_Document(code,label) values ('PJ_135','Procès-verbal d''Assemblée Générale extraordinaire de la société absorbée constant l''approbation de la fusion enregistrée auprès des services fiscaux et certifié conforme par le représentant légal de la société absorbée');
delete from Motif_Rejet_Cma;
insert into Motif_Rejet_Cma(code,label) values ('DEFAULT_QUALITY','Défaut de qualité artisanale – remboursement');
insert into Motif_Rejet_Cma(code,label) values ('FORMALITY_REJECTION_REFUND','Rejet de la formalité – remboursement');
insert into Motif_Rejet_Cma(code,label) values ('FORMALITY_REJECTION','Rejet de la formalité');
delete from Motif_Rejet_Greffe;
insert into Motif_Rejet_Greffe(code,label) values ('MISSING_ATTACHMENTS','Pièces manquantes, non valides ou illisibles');
insert into Motif_Rejet_Greffe(code,label) values ('MISSING_ACTS','Actes manquants, non valides ou illisibles');
insert into Motif_Rejet_Greffe(code,label) values ('ATTACHMENT_ERROR','Acte ou pièce scanné(e) ne correspond pas à l’acte ou à la pièce demandé(e)');
insert into Motif_Rejet_Greffe(code,label) values ('PAYMENT_ISSUE','Problèmes liés au paiement');
insert into Motif_Rejet_Greffe(code,label) values ('FORM_ERROR','Formulaire mal renseigné, incomplet');
insert into Motif_Rejet_Greffe(code,label) values ('TECHNICAL_ERROR','Erreur technique');
insert into Motif_Rejet_Greffe(code,label) values ('OTHER','Autre');
delete from Motif_Rejet_Msa;
insert into Motif_Rejet_Msa(code,label) values ('NO_AGRICULTURAL','Activité qui ne relève pas du Régime Agricole');
insert into Motif_Rejet_Msa(code,label) values ('REGULARIZATION_UNREALIZED','Régularisation du déclarant non réalisée');
insert into Motif_Rejet_Msa(code,label) values ('OTHER','Autre');
delete from Motif_Trasnfert;
insert into Motif_Trasnfert(code,label) values ('POSTAL_CODE','Code postal');
insert into Motif_Trasnfert(code,label) values ('MUTUALISATION','Mutualisation');
insert into Motif_Trasnfert(code,label) values ('OTHER','Autre');
delete from Activite_Reguliere;
insert into Activite_Reguliere(code,label) values ('R','Régulière');
insert into Activite_Reguliere(code,label) values ('O','Occasionnelle');
delete from Capacite_Engagement;
insert into Capacite_Engagement(code,label) values ('TOTALE','Totale');
insert into Capacite_Engagement(code,label) values ('AUCUNE','Aucune');
insert into Capacite_Engagement(code,label) values ('LIMITEE','Limitee');
delete from codeeeepays;
insert into codeeeepays(code,label) values ('BE','Belgique');
insert into codeeeepays(code,label) values ('BG','Bulgarie');
insert into codeeeepays(code,label) values ('CZ','Tchéquie');
insert into codeeeepays(code,label) values ('DK','Danemark');
insert into codeeeepays(code,label) values ('DE','Allemagne');
insert into codeeeepays(code,label) values ('EE','Estonie');
insert into codeeeepays(code,label) values ('IE','Irlande');
insert into codeeeepays(code,label) values ('GR','Grèce');
insert into codeeeepays(code,label) values ('ES','Espagne');
insert into codeeeepays(code,label) values ('FR','France');
insert into codeeeepays(code,label) values ('HR','Croatie');
insert into codeeeepays(code,label) values ('IT','Italie');
insert into codeeeepays(code,label) values ('CY','Chypre');
insert into codeeeepays(code,label) values ('LV','Lettonie');
insert into codeeeepays(code,label) values ('LT','Lituanie');
insert into codeeeepays(code,label) values ('LU','Luxembourg');
insert into codeeeepays(code,label) values ('HU','Hongrie');
insert into codeeeepays(code,label) values ('NL','Pays-Bas');
insert into codeeeepays(code,label) values ('AT','Autriche');
insert into codeeeepays(code,label) values ('PL','Pologne');
insert into codeeeepays(code,label) values ('PT','Portugal');
insert into codeeeepays(code,label) values ('RO','Roumanie');
insert into codeeeepays(code,label) values ('SI','Slovénie');
insert into codeeeepays(code,label) values ('SK','Slovaquie');
insert into codeeeepays(code,label) values ('FI','Finlande');
insert into codeeeepays(code,label) values ('SE','Suède');
insert into codeeeepays(code,label) values ('MT','Malte');
insert into codeeeepays(code,label) values ('IS','Islande');
insert into codeeeepays(code,label) values ('LI','Lichtenstein');
insert into codeeeepays(code,label) values ('NO','Norvège');
delete from Code_Insee_Pays;
insert into Code_Insee_Pays(code,label) values ('ALBANIE','99125');
insert into Code_Insee_Pays(code,label) values ('ALLEMAGNE','99109');
insert into Code_Insee_Pays(code,label) values ('ANDORRE','99130');
insert into Code_Insee_Pays(code,label) values ('ARUBA','99135');
insert into Code_Insee_Pays(code,label) values ('AUTRICHE','99110');
insert into Code_Insee_Pays(code,label) values ('BELGIQUE','99131');
insert into Code_Insee_Pays(code,label) values ('BIELORUSSIE','99148');
insert into Code_Insee_Pays(code,label) values ('BOSNIE-HERZEGOVINE','99118');
insert into Code_Insee_Pays(code,label) values ('BOUVET (ILE)','99103');
insert into Code_Insee_Pays(code,label) values ('BULGARIE','99111');
insert into Code_Insee_Pays(code,label) values ('CROATIE','99119');
insert into Code_Insee_Pays(code,label) values ('DANEMARK','99101');
insert into Code_Insee_Pays(code,label) values ('ESPAGNE','99134');
insert into Code_Insee_Pays(code,label) values ('ESTONIE','99106');
insert into Code_Insee_Pays(code,label) values ('MACEDOINE DU NORD','99156');
insert into Code_Insee_Pays(code,label) values ('FEROE (ILES)','99101');
insert into Code_Insee_Pays(code,label) values ('FINLANDE','99105');
insert into Code_Insee_Pays(code,label) values ('GIBRALTAR','99133');
insert into Code_Insee_Pays(code,label) values ('GRECE','99126');
insert into Code_Insee_Pays(code,label) values ('GUERNESEY','99132');
insert into Code_Insee_Pays(code,label) values ('HONGRIE','99112');
insert into Code_Insee_Pays(code,label) values ('IRLANDE, ou EIRE','99136');
insert into Code_Insee_Pays(code,label) values ('ISLANDE','99102');
insert into Code_Insee_Pays(code,label) values ('ITALIE','99127');
insert into Code_Insee_Pays(code,label) values ('JERSEY','99132');
insert into Code_Insee_Pays(code,label) values ('KOSOVO','99157');
insert into Code_Insee_Pays(code,label) values ('LETTONIE','99107');
insert into Code_Insee_Pays(code,label) values ('LIECHTENSTEIN','99113');
insert into Code_Insee_Pays(code,label) values ('LITUANIE','99108');
insert into Code_Insee_Pays(code,label) values ('LUXEMBOURG','99137');
insert into Code_Insee_Pays(code,label) values ('MALTE','99144');
insert into Code_Insee_Pays(code,label) values ('MAN (ILE)','99132');
insert into Code_Insee_Pays(code,label) values ('MOLDAVIE','99151');
insert into Code_Insee_Pays(code,label) values ('MONACO','99138');
insert into Code_Insee_Pays(code,label) values ('MONTENEGRO','99120');
insert into Code_Insee_Pays(code,label) values ('NORVEGE','99103');
insert into Code_Insee_Pays(code,label) values ('PAYS-BAS','99135');
insert into Code_Insee_Pays(code,label) values ('POLOGNE','99122');
insert into Code_Insee_Pays(code,label) values ('PORTUGAL','99139');
insert into Code_Insee_Pays(code,label) values ('REPUBLIQUE DEMOCRATIQUE ALLEMANDE','99141');
insert into Code_Insee_Pays(code,label) values ('REPUBLIQUE FEDERALE D''ALLEMAGNE','99142');
insert into Code_Insee_Pays(code,label) values ('ROUMANIE','99114');
insert into Code_Insee_Pays(code,label) values ('ROYAUME-UNI','99132');
insert into Code_Insee_Pays(code,label) values ('RUSSIE','99123');
insert into Code_Insee_Pays(code,label) values ('SAINT-MARIN','99128');
insert into Code_Insee_Pays(code,label) values ('SERBIE','99121');
insert into Code_Insee_Pays(code,label) values ('SLOVAQUIE','99117');
insert into Code_Insee_Pays(code,label) values ('SLOVENIE','99145');
insert into Code_Insee_Pays(code,label) values ('SUEDE','99104');
insert into Code_Insee_Pays(code,label) values ('SUISSE','99140');
insert into Code_Insee_Pays(code,label) values ('SVALBARD et ILE JAN MAYEN','99103');
insert into Code_Insee_Pays(code,label) values ('TCHECOSLOVAQUIE','99115');
insert into Code_Insee_Pays(code,label) values ('TCHEQUE (REPUBLIQUE)','99116');
insert into Code_Insee_Pays(code,label) values ('TURQUIE D''EUROPE','99124');
insert into Code_Insee_Pays(code,label) values ('UKRAINE','99155');
insert into Code_Insee_Pays(code,label) values ('VATICAN, ou SAINT-SIEGE','99129');
insert into Code_Insee_Pays(code,label) values ('AFGHANISTAN','99212');
insert into Code_Insee_Pays(code,label) values ('ARABIE SAOUDITE','99201');
insert into Code_Insee_Pays(code,label) values ('ARMENIE','99252');
insert into Code_Insee_Pays(code,label) values ('AZERBAIDJAN','99253');
insert into Code_Insee_Pays(code,label) values ('BAHREIN','99249');
insert into Code_Insee_Pays(code,label) values ('BANGLADESH','99246');
insert into Code_Insee_Pays(code,label) values ('BHOUTAN','99214');
insert into Code_Insee_Pays(code,label) values ('BIRMANIE','99224');
insert into Code_Insee_Pays(code,label) values ('BRUNEI','99225');
insert into Code_Insee_Pays(code,label) values ('CAMBODGE','99234');
insert into Code_Insee_Pays(code,label) values ('CHINE','99216');
insert into Code_Insee_Pays(code,label) values ('CHYPRE','99254');
insert into Code_Insee_Pays(code,label) values ('COREE','99237');
insert into Code_Insee_Pays(code,label) values ('COREE (REPUBLIQUE DE)','99239');
insert into Code_Insee_Pays(code,label) values ('COREE (REPUBLIQUE POPULAIRE DEMOCRATIQUE DE)','99238');
insert into Code_Insee_Pays(code,label) values ('EMIRATS ARABES UNIS','99247');
insert into Code_Insee_Pays(code,label) values ('ETATS MALAIS NON FEDERES','99228');
insert into Code_Insee_Pays(code,label) values ('GEORGIE','99255');
insert into Code_Insee_Pays(code,label) values ('GOA','99223');
insert into Code_Insee_Pays(code,label) values ('HONG-KONG','99230');
insert into Code_Insee_Pays(code,label) values ('INDE','99223');
insert into Code_Insee_Pays(code,label) values ('INDONESIE','99231');
insert into Code_Insee_Pays(code,label) values ('IRAN','99204');
insert into Code_Insee_Pays(code,label) values ('IRAQ','99203');
insert into Code_Insee_Pays(code,label) values ('ISRAEL','99207');
insert into Code_Insee_Pays(code,label) values ('JAPON','99217');
insert into Code_Insee_Pays(code,label) values ('JORDANIE','99222');
insert into Code_Insee_Pays(code,label) values ('KAMTCHATKA','99211');
insert into Code_Insee_Pays(code,label) values ('KAZAKHSTAN','99256');
insert into Code_Insee_Pays(code,label) values ('KIRGHIZISTAN','99257');
insert into Code_Insee_Pays(code,label) values ('KOWEIT','99240');
insert into Code_Insee_Pays(code,label) values ('LAOS','99241');
insert into Code_Insee_Pays(code,label) values ('LIBAN','99205');
insert into Code_Insee_Pays(code,label) values ('MACAO','99232');
insert into Code_Insee_Pays(code,label) values ('MALAISIE','99227');
insert into Code_Insee_Pays(code,label) values ('MALDIVES','99229');
insert into Code_Insee_Pays(code,label) values ('MANDCHOURIE','99218');
insert into Code_Insee_Pays(code,label) values ('MONGOLIE','99242');
insert into Code_Insee_Pays(code,label) values ('NEPAL','99215');
insert into Code_Insee_Pays(code,label) values ('OMAN','99250');
insert into Code_Insee_Pays(code,label) values ('OUZBEKISTAN','99258');
insert into Code_Insee_Pays(code,label) values ('PAKISTAN','99213');
insert into Code_Insee_Pays(code,label) values ('PALESTINE (Etat de)','99261');
insert into Code_Insee_Pays(code,label) values ('PHILIPPINES','99220');
insert into Code_Insee_Pays(code,label) values ('POSSESSIONS BRITANNIQUES AU PROCHE-ORIENT','99221');
insert into Code_Insee_Pays(code,label) values ('QATAR','99248');
insert into Code_Insee_Pays(code,label) values ('SIBERIE','99209');
insert into Code_Insee_Pays(code,label) values ('SINGAPOUR','99226');
insert into Code_Insee_Pays(code,label) values ('SRI LANKA','99235');
insert into Code_Insee_Pays(code,label) values ('SYRIE','99206');
insert into Code_Insee_Pays(code,label) values ('TADJIKISTAN','99259');
insert into Code_Insee_Pays(code,label) values ('TAIWAN','99236');
insert into Code_Insee_Pays(code,label) values ('THAILANDE','99219');
insert into Code_Insee_Pays(code,label) values ('TIMOR ORIENTAL','99262');
insert into Code_Insee_Pays(code,label) values ('TURKESTAN RUSSE','99210');
insert into Code_Insee_Pays(code,label) values ('TURKMENISTAN','99260');
insert into Code_Insee_Pays(code,label) values ('TURQUIE','99208');
insert into Code_Insee_Pays(code,label) values ('VIET NAM','99243');
insert into Code_Insee_Pays(code,label) values ('VIET NAM DU NORD','99244');
insert into Code_Insee_Pays(code,label) values ('VIET NAM DU SUD','99245');
insert into Code_Insee_Pays(code,label) values ('YEMEN','99251');
insert into Code_Insee_Pays(code,label) values ('YEMEN DEMOCRATIQUE','99233');
insert into Code_Insee_Pays(code,label) values ('YEMEN (REPUBLIQUE ARABE DU)','99202');
insert into Code_Insee_Pays(code,label) values ('ACORES, MADERE','99319');
insert into Code_Insee_Pays(code,label) values ('AFRIQUE DU SUD','99303');
insert into Code_Insee_Pays(code,label) values ('ALGERIE','99352');
insert into Code_Insee_Pays(code,label) values ('ANGOLA','99395');
insert into Code_Insee_Pays(code,label) values ('BENIN','99327');
insert into Code_Insee_Pays(code,label) values ('BOTSWANA','99347');
insert into Code_Insee_Pays(code,label) values ('BURKINA','99331');
insert into Code_Insee_Pays(code,label) values ('BURUNDI','99321');
insert into Code_Insee_Pays(code,label) values ('CAMEROUN','99322');
insert into Code_Insee_Pays(code,label) values ('CAMEROUN ET TOGO','99305');
insert into Code_Insee_Pays(code,label) values ('CANARIES (ILES)','99313');
insert into Code_Insee_Pays(code,label) values ('CAP-VERT','99396');
insert into Code_Insee_Pays(code,label) values ('CENTRAFRICAINE (REPUBLIQUE)','99323');
insert into Code_Insee_Pays(code,label) values ('COMORES','99397');
insert into Code_Insee_Pays(code,label) values ('CONGO','99324');
insert into Code_Insee_Pays(code,label) values ('CONGO (REPUBLIQUE DEMOCRATIQUE)','99312');
insert into Code_Insee_Pays(code,label) values ('COTE D''IVOIRE','99326');
insert into Code_Insee_Pays(code,label) values ('DJIBOUTI','99399');
insert into Code_Insee_Pays(code,label) values ('EGYPTE','99301');
insert into Code_Insee_Pays(code,label) values ('ERYTHREE','99317');
insert into Code_Insee_Pays(code,label) values ('ESWATINI','99391');
insert into Code_Insee_Pays(code,label) values ('ETHIOPIE','99315');
insert into Code_Insee_Pays(code,label) values ('GABON','99328');
insert into Code_Insee_Pays(code,label) values ('GAMBIE','99304');
insert into Code_Insee_Pays(code,label) values ('GHANA','99329');
insert into Code_Insee_Pays(code,label) values ('GUINEE','99330');
insert into Code_Insee_Pays(code,label) values ('GUINEE EQUATORIALE','99314');
insert into Code_Insee_Pays(code,label) values ('GUINEE-BISSAU','99392');
insert into Code_Insee_Pays(code,label) values ('ILES PORTUGAISES DE L''OCEAN INDIEN','99320');
insert into Code_Insee_Pays(code,label) values ('KENYA','99332');
insert into Code_Insee_Pays(code,label) values ('LESOTHO','99348');
insert into Code_Insee_Pays(code,label) values ('LIBERIA','99302');
insert into Code_Insee_Pays(code,label) values ('LIBYE','99316');
insert into Code_Insee_Pays(code,label) values ('MADAGASCAR','99333');
insert into Code_Insee_Pays(code,label) values ('MALAWI','99334');
insert into Code_Insee_Pays(code,label) values ('MALI','99335');
insert into Code_Insee_Pays(code,label) values ('MAROC','99350');
insert into Code_Insee_Pays(code,label) values ('MAURICE','99390');
insert into Code_Insee_Pays(code,label) values ('MAURITANIE','99336');
insert into Code_Insee_Pays(code,label) values ('MOZAMBIQUE','99393');
insert into Code_Insee_Pays(code,label) values ('NAMIBIE','99311');
insert into Code_Insee_Pays(code,label) values ('NIGER','99337');
insert into Code_Insee_Pays(code,label) values ('NIGERIA','99338');
insert into Code_Insee_Pays(code,label) values ('OCEAN INDIEN (TERRITOIRE BRITANNIQUE DE L'')','99308');
insert into Code_Insee_Pays(code,label) values ('OUGANDA','99339');
insert into Code_Insee_Pays(code,label) values ('PRESIDES','99313');
insert into Code_Insee_Pays(code,label) values ('PROVINCES ESPAGNOLES D''AFRIQUE','99313');
insert into Code_Insee_Pays(code,label) values ('RWANDA','99340');
insert into Code_Insee_Pays(code,label) values ('SAHARA OCCIDENTAL','99389');
insert into Code_Insee_Pays(code,label) values ('SAINTE HELENE, ASCENSION ET TRISTAN DA CUNHA','99306');
insert into Code_Insee_Pays(code,label) values ('SAO TOME-ET-PRINCIPE','99394');
insert into Code_Insee_Pays(code,label) values ('SENEGAL','99341');
insert into Code_Insee_Pays(code,label) values ('SEYCHELLES','99398');
insert into Code_Insee_Pays(code,label) values ('SIERRA LEONE','99342');
insert into Code_Insee_Pays(code,label) values ('SOMALIE','99318');
insert into Code_Insee_Pays(code,label) values ('SOUDAN','99343');
insert into Code_Insee_Pays(code,label) values ('SOUDAN ANGLO-EGYPTIEN, KENYA, OUGANDA','99307');
insert into Code_Insee_Pays(code,label) values ('SOUDAN DU SUD','99349');
insert into Code_Insee_Pays(code,label) values ('TANGER','99325');
insert into Code_Insee_Pays(code,label) values ('TANZANIE','99309');
insert into Code_Insee_Pays(code,label) values ('TCHAD','99344');
insert into Code_Insee_Pays(code,label) values ('TOGO','99345');
insert into Code_Insee_Pays(code,label) values ('TUNISIE','99351');
insert into Code_Insee_Pays(code,label) values ('ZAMBIE','99346');
insert into Code_Insee_Pays(code,label) values ('ZANZIBAR','99308');
insert into Code_Insee_Pays(code,label) values ('ZIMBABWE','99310');
insert into Code_Insee_Pays(code,label) values ('ALASKA','99404');
insert into Code_Insee_Pays(code,label) values ('ANGUILLA','99425');
insert into Code_Insee_Pays(code,label) values ('ANTIGUA-ET-BARBUDA','99441');
insert into Code_Insee_Pays(code,label) values ('ANTILLES NEERLANDAISES','99431');
insert into Code_Insee_Pays(code,label) values ('ARGENTINE','99415');
insert into Code_Insee_Pays(code,label) values ('BAHAMAS','99436');
insert into Code_Insee_Pays(code,label) values ('BARBADE','99434');
insert into Code_Insee_Pays(code,label) values ('BELIZE','99429');
insert into Code_Insee_Pays(code,label) values ('BERMUDES','99425');
insert into Code_Insee_Pays(code,label) values ('BOLIVIE','99418');
insert into Code_Insee_Pays(code,label) values ('BONAIRE, SAINT EUSTACHE ET SABA','99443');
insert into Code_Insee_Pays(code,label) values ('BRESIL','99416');
insert into Code_Insee_Pays(code,label) values ('CAIMANES (ILES)','99425');
insert into Code_Insee_Pays(code,label) values ('CANADA','99401');
insert into Code_Insee_Pays(code,label) values ('CHILI','99417');
insert into Code_Insee_Pays(code,label) values ('COLOMBIE','99419');
insert into Code_Insee_Pays(code,label) values ('COSTA RICA','99406');
insert into Code_Insee_Pays(code,label) values ('CUBA','99407');
insert into Code_Insee_Pays(code,label) values ('CURAÇAO','99444');
insert into Code_Insee_Pays(code,label) values ('DOMINICAINE (REPUBLIQUE)','99408');
insert into Code_Insee_Pays(code,label) values ('DOMINIQUE','99438');
insert into Code_Insee_Pays(code,label) values ('EL SALVADOR','99414');
insert into Code_Insee_Pays(code,label) values ('EQUATEUR','99420');
insert into Code_Insee_Pays(code,label) values ('ETATS-UNIS','99404');
insert into Code_Insee_Pays(code,label) values ('GEORGIE DU SUD ET LES ILES SANDWICH DU SUD','99427');
insert into Code_Insee_Pays(code,label) values ('GRENADE','99435');
insert into Code_Insee_Pays(code,label) values ('GROENLAND','99430');
insert into Code_Insee_Pays(code,label) values ('GUATEMALA','99409');
insert into Code_Insee_Pays(code,label) values ('GUYANA','99428');
insert into Code_Insee_Pays(code,label) values ('HAITI','99410');
insert into Code_Insee_Pays(code,label) values ('HONDURAS','99411');
insert into Code_Insee_Pays(code,label) values ('JAMAIQUE','99426');
insert into Code_Insee_Pays(code,label) values ('LABRADOR','99403');
insert into Code_Insee_Pays(code,label) values ('MALOUINES, OU FALKLAND (ILES)','99427');
insert into Code_Insee_Pays(code,label) values ('MEXIQUE','99405');
insert into Code_Insee_Pays(code,label) values ('MONTSERRAT','99425');
insert into Code_Insee_Pays(code,label) values ('NICARAGUA','99412');
insert into Code_Insee_Pays(code,label) values ('PANAMA','99413');
insert into Code_Insee_Pays(code,label) values ('PARAGUAY','99421');
insert into Code_Insee_Pays(code,label) values ('PEROU','99422');
insert into Code_Insee_Pays(code,label) values ('PORTO RICO','99432');
insert into Code_Insee_Pays(code,label) values ('SAINT-CHRISTOPHE-ET-NIEVES','99442');
insert into Code_Insee_Pays(code,label) values ('SAINTE-LUCIE','99439');
insert into Code_Insee_Pays(code,label) values ('SAINT-MARTIN (PARTIE NEERLANDAISE)','99445');
insert into Code_Insee_Pays(code,label) values ('SAINT-VINCENT-ET-LES GRENADINES','99440');
insert into Code_Insee_Pays(code,label) values ('SURINAME','99437');
insert into Code_Insee_Pays(code,label) values ('TERR. DES ETATS-UNIS D''AMERIQUE EN AMERIQUE','99432');
insert into Code_Insee_Pays(code,label) values ('TERR. DU ROYAUME-UNI DANS L''ATLANTIQUE SUD','99427');
insert into Code_Insee_Pays(code,label) values ('TERRE-NEUVE','99402');
insert into Code_Insee_Pays(code,label) values ('TERRITOIRES DU ROYAUME-UNI AUX ANTILLES','99425');
insert into Code_Insee_Pays(code,label) values ('TRINITE-ET-TOBAGO','99433');
insert into Code_Insee_Pays(code,label) values ('TURKS ET CAIQUES (ILES)','99425');
insert into Code_Insee_Pays(code,label) values ('URUGUAY','99423');
insert into Code_Insee_Pays(code,label) values ('VENEZUELA','99424');
insert into Code_Insee_Pays(code,label) values ('VIERGES BRITANNIQUES (ILES)','99425');
insert into Code_Insee_Pays(code,label) values ('VIERGES DES ETATS-UNIS (ILES)','99432');
insert into Code_Insee_Pays(code,label) values ('AUSTRALIE','99501');
insert into Code_Insee_Pays(code,label) values ('CHRISTMAS (ILE)','99501');
insert into Code_Insee_Pays(code,label) values ('COCOS ou KEELING (ILES)','99501');
insert into Code_Insee_Pays(code,label) values ('COOK (ILES)','99502');
insert into Code_Insee_Pays(code,label) values ('FIDJI','99508');
insert into Code_Insee_Pays(code,label) values ('GUAM','99505');
insert into Code_Insee_Pays(code,label) values ('HAWAII (ILES)','99504');
insert into Code_Insee_Pays(code,label) values ('HEARD ET MACDONALD (ILES)','99501');
insert into Code_Insee_Pays(code,label) values ('KIRIBATI','99513');
insert into Code_Insee_Pays(code,label) values ('MARIANNES DU NORD (ILES)','99505');
insert into Code_Insee_Pays(code,label) values ('MARSHALL (ILES)','99515');
insert into Code_Insee_Pays(code,label) values ('MICRONESIE (ETATS FEDERES DE)','99516');
insert into Code_Insee_Pays(code,label) values ('NAURU','99507');
insert into Code_Insee_Pays(code,label) values ('NIUE','99502');
insert into Code_Insee_Pays(code,label) values ('NORFOLK (ILE)','99501');
insert into Code_Insee_Pays(code,label) values ('NOUVELLE-ZELANDE','99502');
insert into Code_Insee_Pays(code,label) values ('PALAOS (ILES)','99517');
insert into Code_Insee_Pays(code,label) values ('PAPOUASIE-NOUVELLE-GUINEE','99510');
insert into Code_Insee_Pays(code,label) values ('PITCAIRN (ILE)','99503');
insert into Code_Insee_Pays(code,label) values ('SALOMON (ILES)','99512');
insert into Code_Insee_Pays(code,label) values ('SAMOA AMERICAINES','99505');
insert into Code_Insee_Pays(code,label) values ('SAMOA OCCIDENTALES','99506');
insert into Code_Insee_Pays(code,label) values ('TERR. DES ETATS-UNIS D''AMERIQUE EN OCEANIE','99505');
insert into Code_Insee_Pays(code,label) values ('TOKELAU','99502');
insert into Code_Insee_Pays(code,label) values ('TONGA','99509');
insert into Code_Insee_Pays(code,label) values ('TUVALU','99511');
insert into Code_Insee_Pays(code,label) values ('VANUATU','99514');
delete from Code_Insee_Pays_Naissance;
insert into Code_Insee_Pays_Naissance(code,label) values ('99125','ALBANIE');
insert into Code_Insee_Pays_Naissance(code,label) values ('99109','ALLEMAGNE');
insert into Code_Insee_Pays_Naissance(code,label) values ('99130','ANDORRE');
insert into Code_Insee_Pays_Naissance(code,label) values ('99135','PAYS-BAS');
insert into Code_Insee_Pays_Naissance(code,label) values ('99110','AUTRICHE');
insert into Code_Insee_Pays_Naissance(code,label) values ('99131','BELGIQUE');
insert into Code_Insee_Pays_Naissance(code,label) values ('99148','BIELORUSSIE');
insert into Code_Insee_Pays_Naissance(code,label) values ('99118','BOSNIE-HERZEGOVINE');
insert into Code_Insee_Pays_Naissance(code,label) values ('99103','SVALBARD et ILE JAN MAYEN');
insert into Code_Insee_Pays_Naissance(code,label) values ('99111','BULGARIE');
insert into Code_Insee_Pays_Naissance(code,label) values ('99119','CROATIE');
insert into Code_Insee_Pays_Naissance(code,label) values ('99101','FEROE (ILES)');
insert into Code_Insee_Pays_Naissance(code,label) values ('99134','ESPAGNE');
insert into Code_Insee_Pays_Naissance(code,label) values ('99106','ESTONIE');
insert into Code_Insee_Pays_Naissance(code,label) values ('99156','MACEDOINE DU NORD');
insert into Code_Insee_Pays_Naissance(code,label) values ('99105','FINLANDE');
insert into Code_Insee_Pays_Naissance(code,label) values ('99133','GIBRALTAR');
insert into Code_Insee_Pays_Naissance(code,label) values ('99126','GRECE');
insert into Code_Insee_Pays_Naissance(code,label) values ('99132','ROYAUME-UNI');
insert into Code_Insee_Pays_Naissance(code,label) values ('99112','HONGRIE');
insert into Code_Insee_Pays_Naissance(code,label) values ('99136','IRLANDE, ou EIRE');
insert into Code_Insee_Pays_Naissance(code,label) values ('99102','ISLANDE');
insert into Code_Insee_Pays_Naissance(code,label) values ('99127','ITALIE');
insert into Code_Insee_Pays_Naissance(code,label) values ('99157','KOSOVO');
insert into Code_Insee_Pays_Naissance(code,label) values ('99107','LETTONIE');
insert into Code_Insee_Pays_Naissance(code,label) values ('99113','LIECHTENSTEIN');
insert into Code_Insee_Pays_Naissance(code,label) values ('99108','LITUANIE');
insert into Code_Insee_Pays_Naissance(code,label) values ('99137','LUXEMBOURG');
insert into Code_Insee_Pays_Naissance(code,label) values ('99144','MALTE');
insert into Code_Insee_Pays_Naissance(code,label) values ('99151','MOLDAVIE');
insert into Code_Insee_Pays_Naissance(code,label) values ('99138','MONACO');
insert into Code_Insee_Pays_Naissance(code,label) values ('99120','MONTENEGRO');
insert into Code_Insee_Pays_Naissance(code,label) values ('99122','POLOGNE');
insert into Code_Insee_Pays_Naissance(code,label) values ('99139','PORTUGAL');
insert into Code_Insee_Pays_Naissance(code,label) values ('99141','REPUBLIQUE DEMOCRATIQUE ALLEMANDE');
insert into Code_Insee_Pays_Naissance(code,label) values ('99142','REPUBLIQUE FEDERALE D''ALLEMAGNE');
insert into Code_Insee_Pays_Naissance(code,label) values ('99114','ROUMANIE');
insert into Code_Insee_Pays_Naissance(code,label) values ('99123','RUSSIE');
insert into Code_Insee_Pays_Naissance(code,label) values ('99128','SAINT-MARIN');
insert into Code_Insee_Pays_Naissance(code,label) values ('99121','SERBIE');
insert into Code_Insee_Pays_Naissance(code,label) values ('99117','SLOVAQUIE');
insert into Code_Insee_Pays_Naissance(code,label) values ('99145','SLOVENIE');
insert into Code_Insee_Pays_Naissance(code,label) values ('99104','SUEDE');
insert into Code_Insee_Pays_Naissance(code,label) values ('99140','SUISSE');
insert into Code_Insee_Pays_Naissance(code,label) values ('99115','TCHECOSLOVAQUIE');
insert into Code_Insee_Pays_Naissance(code,label) values ('99116','TCHEQUE (REPUBLIQUE)');
insert into Code_Insee_Pays_Naissance(code,label) values ('99124','TURQUIE D''EUROPE');
insert into Code_Insee_Pays_Naissance(code,label) values ('99155','UKRAINE');
insert into Code_Insee_Pays_Naissance(code,label) values ('99129','VATICAN, ou SAINT-SIEGE');
insert into Code_Insee_Pays_Naissance(code,label) values ('99212','AFGHANISTAN');
insert into Code_Insee_Pays_Naissance(code,label) values ('99201','ARABIE SAOUDITE');
insert into Code_Insee_Pays_Naissance(code,label) values ('99252','ARMENIE');
insert into Code_Insee_Pays_Naissance(code,label) values ('99253','AZERBAIDJAN');
insert into Code_Insee_Pays_Naissance(code,label) values ('99249','BAHREIN');
insert into Code_Insee_Pays_Naissance(code,label) values ('99246','BANGLADESH');
insert into Code_Insee_Pays_Naissance(code,label) values ('99214','BHOUTAN');
insert into Code_Insee_Pays_Naissance(code,label) values ('99224','BIRMANIE');
insert into Code_Insee_Pays_Naissance(code,label) values ('99225','BRUNEI');
insert into Code_Insee_Pays_Naissance(code,label) values ('99234','CAMBODGE');
insert into Code_Insee_Pays_Naissance(code,label) values ('99216','CHINE');
insert into Code_Insee_Pays_Naissance(code,label) values ('99254','CHYPRE');
insert into Code_Insee_Pays_Naissance(code,label) values ('99237','COREE');
insert into Code_Insee_Pays_Naissance(code,label) values ('99239','COREE (REPUBLIQUE DE)');
insert into Code_Insee_Pays_Naissance(code,label) values ('99238','COREE (REPUBLIQUE POPULAIRE DEMOCRATIQUE DE)');
insert into Code_Insee_Pays_Naissance(code,label) values ('99247','EMIRATS ARABES UNIS');
insert into Code_Insee_Pays_Naissance(code,label) values ('99228','ETATS MALAIS NON FEDERES');
insert into Code_Insee_Pays_Naissance(code,label) values ('99255','GEORGIE');
insert into Code_Insee_Pays_Naissance(code,label) values ('99223','INDE');
insert into Code_Insee_Pays_Naissance(code,label) values ('99230','HONG-KONG');
insert into Code_Insee_Pays_Naissance(code,label) values ('99231','INDONESIE');
insert into Code_Insee_Pays_Naissance(code,label) values ('99204','IRAN');
insert into Code_Insee_Pays_Naissance(code,label) values ('99203','IRAQ');
insert into Code_Insee_Pays_Naissance(code,label) values ('99207','ISRAEL');
insert into Code_Insee_Pays_Naissance(code,label) values ('99217','JAPON');
insert into Code_Insee_Pays_Naissance(code,label) values ('99222','JORDANIE');
insert into Code_Insee_Pays_Naissance(code,label) values ('99211','KAMTCHATKA');
insert into Code_Insee_Pays_Naissance(code,label) values ('99256','KAZAKHSTAN');
insert into Code_Insee_Pays_Naissance(code,label) values ('99257','KIRGHIZISTAN');
insert into Code_Insee_Pays_Naissance(code,label) values ('99240','KOWEIT');
insert into Code_Insee_Pays_Naissance(code,label) values ('99241','LAOS');
insert into Code_Insee_Pays_Naissance(code,label) values ('99205','LIBAN');
insert into Code_Insee_Pays_Naissance(code,label) values ('99232','MACAO');
insert into Code_Insee_Pays_Naissance(code,label) values ('99227','MALAISIE');
insert into Code_Insee_Pays_Naissance(code,label) values ('99229','MALDIVES');
insert into Code_Insee_Pays_Naissance(code,label) values ('99218','MANDCHOURIE');
insert into Code_Insee_Pays_Naissance(code,label) values ('99242','MONGOLIE');
insert into Code_Insee_Pays_Naissance(code,label) values ('99215','NEPAL');
insert into Code_Insee_Pays_Naissance(code,label) values ('99250','OMAN');
insert into Code_Insee_Pays_Naissance(code,label) values ('99258','OUZBEKISTAN');
insert into Code_Insee_Pays_Naissance(code,label) values ('99213','PAKISTAN');
insert into Code_Insee_Pays_Naissance(code,label) values ('99261','PALESTINE (Etat de)');
insert into Code_Insee_Pays_Naissance(code,label) values ('99220','PHILIPPINES');
insert into Code_Insee_Pays_Naissance(code,label) values ('99221','POSSESSIONS BRITANNIQUES AU PROCHE-ORIENT');
insert into Code_Insee_Pays_Naissance(code,label) values ('99248','QATAR');
insert into Code_Insee_Pays_Naissance(code,label) values ('99209','SIBERIE');
insert into Code_Insee_Pays_Naissance(code,label) values ('99226','SINGAPOUR');
insert into Code_Insee_Pays_Naissance(code,label) values ('99235','SRI LANKA');
insert into Code_Insee_Pays_Naissance(code,label) values ('99206','SYRIE');
insert into Code_Insee_Pays_Naissance(code,label) values ('99259','TADJIKISTAN');
insert into Code_Insee_Pays_Naissance(code,label) values ('99236','TAIWAN');
insert into Code_Insee_Pays_Naissance(code,label) values ('99219','THAILANDE');
insert into Code_Insee_Pays_Naissance(code,label) values ('99262','TIMOR ORIENTAL');
insert into Code_Insee_Pays_Naissance(code,label) values ('99210','TURKESTAN RUSSE');
insert into Code_Insee_Pays_Naissance(code,label) values ('99260','TURKMENISTAN');
insert into Code_Insee_Pays_Naissance(code,label) values ('99208','TURQUIE');
insert into Code_Insee_Pays_Naissance(code,label) values ('99243','VIET NAM');
insert into Code_Insee_Pays_Naissance(code,label) values ('99244','VIET NAM DU NORD');
insert into Code_Insee_Pays_Naissance(code,label) values ('99245','VIET NAM DU SUD');
insert into Code_Insee_Pays_Naissance(code,label) values ('99251','YEMEN');
insert into Code_Insee_Pays_Naissance(code,label) values ('99233','YEMEN DEMOCRATIQUE');
insert into Code_Insee_Pays_Naissance(code,label) values ('99202','YEMEN (REPUBLIQUE ARABE DU)');
insert into Code_Insee_Pays_Naissance(code,label) values ('99319','ACORES, MADERE');
insert into Code_Insee_Pays_Naissance(code,label) values ('99303','AFRIQUE DU SUD');
insert into Code_Insee_Pays_Naissance(code,label) values ('99352','ALGERIE');
insert into Code_Insee_Pays_Naissance(code,label) values ('99395','ANGOLA');
insert into Code_Insee_Pays_Naissance(code,label) values ('99327','BENIN');
insert into Code_Insee_Pays_Naissance(code,label) values ('99347','BOTSWANA');
insert into Code_Insee_Pays_Naissance(code,label) values ('99331','BURKINA');
insert into Code_Insee_Pays_Naissance(code,label) values ('99321','BURUNDI');
insert into Code_Insee_Pays_Naissance(code,label) values ('99322','CAMEROUN');
insert into Code_Insee_Pays_Naissance(code,label) values ('99305','CAMEROUN ET TOGO');
insert into Code_Insee_Pays_Naissance(code,label) values ('99313','PROVINCES ESPAGNOLES D''AFRIQUE');
insert into Code_Insee_Pays_Naissance(code,label) values ('99396','CAP-VERT');
insert into Code_Insee_Pays_Naissance(code,label) values ('99323','CENTRAFRICAINE (REPUBLIQUE)');
insert into Code_Insee_Pays_Naissance(code,label) values ('99397','COMORES');
insert into Code_Insee_Pays_Naissance(code,label) values ('99324','CONGO');
insert into Code_Insee_Pays_Naissance(code,label) values ('99312','CONGO (REPUBLIQUE DEMOCRATIQUE)');
insert into Code_Insee_Pays_Naissance(code,label) values ('99326','COTE D''IVOIRE');
insert into Code_Insee_Pays_Naissance(code,label) values ('99399','DJIBOUTI');
insert into Code_Insee_Pays_Naissance(code,label) values ('99301','EGYPTE');
insert into Code_Insee_Pays_Naissance(code,label) values ('99317','ERYTHREE');
insert into Code_Insee_Pays_Naissance(code,label) values ('99391','ESWATINI');
insert into Code_Insee_Pays_Naissance(code,label) values ('99315','ETHIOPIE');
insert into Code_Insee_Pays_Naissance(code,label) values ('99328','GABON');
insert into Code_Insee_Pays_Naissance(code,label) values ('99304','GAMBIE');
insert into Code_Insee_Pays_Naissance(code,label) values ('99329','GHANA');
insert into Code_Insee_Pays_Naissance(code,label) values ('99330','GUINEE');
insert into Code_Insee_Pays_Naissance(code,label) values ('99314','GUINEE EQUATORIALE');
insert into Code_Insee_Pays_Naissance(code,label) values ('99392','GUINEE-BISSAU');
insert into Code_Insee_Pays_Naissance(code,label) values ('99320','ILES PORTUGAISES DE L''OCEAN INDIEN');
insert into Code_Insee_Pays_Naissance(code,label) values ('99332','KENYA');
insert into Code_Insee_Pays_Naissance(code,label) values ('99348','LESOTHO');
insert into Code_Insee_Pays_Naissance(code,label) values ('99302','LIBERIA');
insert into Code_Insee_Pays_Naissance(code,label) values ('99316','LIBYE');
insert into Code_Insee_Pays_Naissance(code,label) values ('99333','MADAGASCAR');
insert into Code_Insee_Pays_Naissance(code,label) values ('99334','MALAWI');
insert into Code_Insee_Pays_Naissance(code,label) values ('99335','MALI');
insert into Code_Insee_Pays_Naissance(code,label) values ('99350','MAROC');
insert into Code_Insee_Pays_Naissance(code,label) values ('99390','MAURICE');
insert into Code_Insee_Pays_Naissance(code,label) values ('99336','MAURITANIE');
insert into Code_Insee_Pays_Naissance(code,label) values ('99393','MOZAMBIQUE');
insert into Code_Insee_Pays_Naissance(code,label) values ('99311','NAMIBIE');
insert into Code_Insee_Pays_Naissance(code,label) values ('99337','NIGER');
insert into Code_Insee_Pays_Naissance(code,label) values ('99338','NIGERIA');
insert into Code_Insee_Pays_Naissance(code,label) values ('99308','ZANZIBAR');
insert into Code_Insee_Pays_Naissance(code,label) values ('99339','OUGANDA');
insert into Code_Insee_Pays_Naissance(code,label) values ('99340','RWANDA');
insert into Code_Insee_Pays_Naissance(code,label) values ('99389','SAHARA OCCIDENTAL');
insert into Code_Insee_Pays_Naissance(code,label) values ('99306','SAINTE HELENE, ASCENSION ET TRISTAN DA CUNHA');
insert into Code_Insee_Pays_Naissance(code,label) values ('99394','SAO TOME-ET-PRINCIPE');
insert into Code_Insee_Pays_Naissance(code,label) values ('99341','SENEGAL');
insert into Code_Insee_Pays_Naissance(code,label) values ('99398','SEYCHELLES');
insert into Code_Insee_Pays_Naissance(code,label) values ('99342','SIERRA LEONE');
insert into Code_Insee_Pays_Naissance(code,label) values ('99318','SOMALIE');
insert into Code_Insee_Pays_Naissance(code,label) values ('99343','SOUDAN');
insert into Code_Insee_Pays_Naissance(code,label) values ('99307','SOUDAN ANGLO-EGYPTIEN, KENYA, OUGANDA');
insert into Code_Insee_Pays_Naissance(code,label) values ('99349','SOUDAN DU SUD');
insert into Code_Insee_Pays_Naissance(code,label) values ('99325','TANGER');
insert into Code_Insee_Pays_Naissance(code,label) values ('99309','TANZANIE');
insert into Code_Insee_Pays_Naissance(code,label) values ('99344','TCHAD');
insert into Code_Insee_Pays_Naissance(code,label) values ('99345','TOGO');
insert into Code_Insee_Pays_Naissance(code,label) values ('99351','TUNISIE');
insert into Code_Insee_Pays_Naissance(code,label) values ('99346','ZAMBIE');
insert into Code_Insee_Pays_Naissance(code,label) values ('99310','ZIMBABWE');
insert into Code_Insee_Pays_Naissance(code,label) values ('99404','ETATS-UNIS');
insert into Code_Insee_Pays_Naissance(code,label) values ('99425','VIERGES BRITANNIQUES (ILES)');
insert into Code_Insee_Pays_Naissance(code,label) values ('99441','ANTIGUA-ET-BARBUDA');
insert into Code_Insee_Pays_Naissance(code,label) values ('99431','ANTILLES NEERLANDAISES');
insert into Code_Insee_Pays_Naissance(code,label) values ('99415','ARGENTINE');
insert into Code_Insee_Pays_Naissance(code,label) values ('99436','BAHAMAS');
insert into Code_Insee_Pays_Naissance(code,label) values ('99434','BARBADE');
insert into Code_Insee_Pays_Naissance(code,label) values ('99429','BELIZE');
insert into Code_Insee_Pays_Naissance(code,label) values ('99418','BOLIVIE');
insert into Code_Insee_Pays_Naissance(code,label) values ('99443','BONAIRE, SAINT EUSTACHE ET SABA');
insert into Code_Insee_Pays_Naissance(code,label) values ('99416','BRESIL');
insert into Code_Insee_Pays_Naissance(code,label) values ('99401','CANADA');
insert into Code_Insee_Pays_Naissance(code,label) values ('99417','CHILI');
insert into Code_Insee_Pays_Naissance(code,label) values ('99419','COLOMBIE');
insert into Code_Insee_Pays_Naissance(code,label) values ('99406','COSTA RICA');
insert into Code_Insee_Pays_Naissance(code,label) values ('99407','CUBA');
insert into Code_Insee_Pays_Naissance(code,label) values ('99444','CURAÇAO');
insert into Code_Insee_Pays_Naissance(code,label) values ('99408','DOMINICAINE (REPUBLIQUE)');
insert into Code_Insee_Pays_Naissance(code,label) values ('99438','DOMINIQUE');
insert into Code_Insee_Pays_Naissance(code,label) values ('99414','EL SALVADOR');
insert into Code_Insee_Pays_Naissance(code,label) values ('99420','EQUATEUR');
insert into Code_Insee_Pays_Naissance(code,label) values ('99427','TERR. DU ROYAUME-UNI DANS L''ATLANTIQUE SUD');
insert into Code_Insee_Pays_Naissance(code,label) values ('99435','GRENADE');
insert into Code_Insee_Pays_Naissance(code,label) values ('99430','GROENLAND');
insert into Code_Insee_Pays_Naissance(code,label) values ('99409','GUATEMALA');
insert into Code_Insee_Pays_Naissance(code,label) values ('99428','GUYANA');
insert into Code_Insee_Pays_Naissance(code,label) values ('99410','HAITI');
insert into Code_Insee_Pays_Naissance(code,label) values ('99411','HONDURAS');
insert into Code_Insee_Pays_Naissance(code,label) values ('99426','JAMAIQUE');
insert into Code_Insee_Pays_Naissance(code,label) values ('99403','LABRADOR');
insert into Code_Insee_Pays_Naissance(code,label) values ('99405','MEXIQUE');
insert into Code_Insee_Pays_Naissance(code,label) values ('99412','NICARAGUA');
insert into Code_Insee_Pays_Naissance(code,label) values ('99413','PANAMA');
insert into Code_Insee_Pays_Naissance(code,label) values ('99421','PARAGUAY');
insert into Code_Insee_Pays_Naissance(code,label) values ('99422','PEROU');
insert into Code_Insee_Pays_Naissance(code,label) values ('99432','VIERGES DES ETATS-UNIS (ILES)');
insert into Code_Insee_Pays_Naissance(code,label) values ('99442','SAINT-CHRISTOPHE-ET-NIEVES');
insert into Code_Insee_Pays_Naissance(code,label) values ('99439','SAINTE-LUCIE');
insert into Code_Insee_Pays_Naissance(code,label) values ('99445','SAINT-MARTIN (PARTIE NEERLANDAISE)');
insert into Code_Insee_Pays_Naissance(code,label) values ('99440','SAINT-VINCENT-ET-LES GRENADINES');
insert into Code_Insee_Pays_Naissance(code,label) values ('99437','SURINAME');
insert into Code_Insee_Pays_Naissance(code,label) values ('99402','TERRE-NEUVE');
insert into Code_Insee_Pays_Naissance(code,label) values ('99433','TRINITE-ET-TOBAGO');
insert into Code_Insee_Pays_Naissance(code,label) values ('99423','URUGUAY');
insert into Code_Insee_Pays_Naissance(code,label) values ('99424','VENEZUELA');
insert into Code_Insee_Pays_Naissance(code,label) values ('99501','NORFOLK (ILE)');
insert into Code_Insee_Pays_Naissance(code,label) values ('99502','TOKELAU');
insert into Code_Insee_Pays_Naissance(code,label) values ('99508','FIDJI');
insert into Code_Insee_Pays_Naissance(code,label) values ('99505','TERR. DES ETATS-UNIS D''AMERIQUE EN OCEANIE');
insert into Code_Insee_Pays_Naissance(code,label) values ('99504','HAWAII (ILES)');
insert into Code_Insee_Pays_Naissance(code,label) values ('99513','KIRIBATI');
insert into Code_Insee_Pays_Naissance(code,label) values ('99515','MARSHALL (ILES)');
insert into Code_Insee_Pays_Naissance(code,label) values ('99516','MICRONESIE (ETATS FEDERES DE)');
insert into Code_Insee_Pays_Naissance(code,label) values ('99507','NAURU');
insert into Code_Insee_Pays_Naissance(code,label) values ('99517','PALAOS (ILES)');
insert into Code_Insee_Pays_Naissance(code,label) values ('99510','PAPOUASIE-NOUVELLE-GUINEE');
insert into Code_Insee_Pays_Naissance(code,label) values ('99503','PITCAIRN (ILE)');
insert into Code_Insee_Pays_Naissance(code,label) values ('99512','SALOMON (ILES)');
insert into Code_Insee_Pays_Naissance(code,label) values ('99506','SAMOA OCCIDENTALES');
insert into Code_Insee_Pays_Naissance(code,label) values ('99509','TONGA');
insert into Code_Insee_Pays_Naissance(code,label) values ('99511','TUVALU');
insert into Code_Insee_Pays_Naissance(code,label) values ('99514','VANUATU');
delete from Code_Nationalite;
insert into Code_Nationalite(code,label) values ('AFG','Afghane');
insert into Code_Nationalite(code,label) values ('ALB','Albanaise');
insert into Code_Nationalite(code,label) values ('DZA','Algérienne');
insert into Code_Nationalite(code,label) values ('D','Allemande');
insert into Code_Nationalite(code,label) values ('USA','Américaine');
insert into Code_Nationalite(code,label) values ('AGO','Angolaise');
insert into Code_Nationalite(code,label) values ('ARG','Argentine');
insert into Code_Nationalite(code,label) values ('ARM','Arménienne');
insert into Code_Nationalite(code,label) values ('ABW','Arubaise');
insert into Code_Nationalite(code,label) values ('AUS','Australienne');
insert into Code_Nationalite(code,label) values ('AUT','Autrichienne');
insert into Code_Nationalite(code,label) values ('AZE','Azerbaïdjanaise');
insert into Code_Nationalite(code,label) values ('BHS','Bahaméenne');
insert into Code_Nationalite(code,label) values ('BGD','Bangladaise');
insert into Code_Nationalite(code,label) values ('BEL','Belge');
insert into Code_Nationalite(code,label) values ('BEN','Beninoise');
insert into Code_Nationalite(code,label) values ('BLR','Biélorusse');
insert into Code_Nationalite(code,label) values ('BOL','Bolivienne');
insert into Code_Nationalite(code,label) values ('BIH','Bosniaque');
insert into Code_Nationalite(code,label) values ('BWA','Botswanaise');
insert into Code_Nationalite(code,label) values ('BRA','Brésilienne');
insert into Code_Nationalite(code,label) values ('GBR','Britannique');
insert into Code_Nationalite(code,label) values ('BGR','Bulgare');
insert into Code_Nationalite(code,label) values ('BFA','Burkinabè');
insert into Code_Nationalite(code,label) values ('BDI','Burundaise');
insert into Code_Nationalite(code,label) values ('KHM','Cambodgienne');
insert into Code_Nationalite(code,label) values ('CMR','Camerounaise');
insert into Code_Nationalite(code,label) values ('CAN','Canadienne');
insert into Code_Nationalite(code,label) values ('CAF','Centre-africaine');
insert into Code_Nationalite(code,label) values ('CHL','Chilienne');
insert into Code_Nationalite(code,label) values ('CHN','Chinoise');
insert into Code_Nationalite(code,label) values ('CYP','Chypriote');
insert into Code_Nationalite(code,label) values ('COL','Colombienne');
insert into Code_Nationalite(code,label) values ('COG','Congolaise');
insert into Code_Nationalite(code,label) values ('COD','Congolaise (République démocratique du Congo)');
insert into Code_Nationalite(code,label) values ('CRI','Costaricaine');
insert into Code_Nationalite(code,label) values ('HRV','Croate');
insert into Code_Nationalite(code,label) values ('CUB','Cubaine');
insert into Code_Nationalite(code,label) values ('DNK','Danoise');
insert into Code_Nationalite(code,label) values ('DOM','Dominicaine');
insert into Code_Nationalite(code,label) values ('EGY','Egyptienne');
insert into Code_Nationalite(code,label) values ('ECU','Equatorienne');
insert into Code_Nationalite(code,label) values ('ESP','Espagnole');
insert into Code_Nationalite(code,label) values ('EST','Estonienne');
insert into Code_Nationalite(code,label) values ('ETH','Ethiopienne');
insert into Code_Nationalite(code,label) values ('FIN','Finlandaise');
insert into Code_Nationalite(code,label) values ('FRA','Française');
insert into Code_Nationalite(code,label) values ('GAB','Gabonaise');
insert into Code_Nationalite(code,label) values ('GEO','Georgienne');
insert into Code_Nationalite(code,label) values ('GHA','Ghanéenne');
insert into Code_Nationalite(code,label) values ('GRC','Grecque');
insert into Code_Nationalite(code,label) values ('GTM','Guatemala');
insert into Code_Nationalite(code,label) values ('GIN','Guinéene');
insert into Code_Nationalite(code,label) values ('HTI','Haïtienne');
insert into Code_Nationalite(code,label) values ('NLD','Hollandaise');
insert into Code_Nationalite(code,label) values ('HUN','Hongroise');
insert into Code_Nationalite(code,label) values ('IND','Indienne');
insert into Code_Nationalite(code,label) values ('IDN','Indonésienne');
insert into Code_Nationalite(code,label) values ('IRQ','Irakienne');
insert into Code_Nationalite(code,label) values ('IRN','Iranienne');
insert into Code_Nationalite(code,label) values ('IRL','Irlandaise');
insert into Code_Nationalite(code,label) values ('ISL','Islandaise');
insert into Code_Nationalite(code,label) values ('ISR','Israélienne');
insert into Code_Nationalite(code,label) values ('ITA','Italienne');
insert into Code_Nationalite(code,label) values ('CIV','Ivoirienne');
insert into Code_Nationalite(code,label) values ('JAM','Jamaïcaine');
insert into Code_Nationalite(code,label) values ('JPN','Japonaise');
insert into Code_Nationalite(code,label) values ('JOR','Jordanienne');
insert into Code_Nationalite(code,label) values ('KAZ','Kazakh');
insert into Code_Nationalite(code,label) values ('KEN','Kenyane');
insert into Code_Nationalite(code,label) values ('KGZ','Kirghiz');
insert into Code_Nationalite(code,label) values ('KWT','Koweïtienne');
insert into Code_Nationalite(code,label) values ('LAO','Laotien');
insert into Code_Nationalite(code,label) values ('LVA','Lettone');
insert into Code_Nationalite(code,label) values ('LBN','Libanaise');
insert into Code_Nationalite(code,label) values ('LBY','Libyenne');
insert into Code_Nationalite(code,label) values ('LIE','Liechtenstein');
insert into Code_Nationalite(code,label) values ('LTU','Lituanienne');
insert into Code_Nationalite(code,label) values ('LUX','Luxembourgeois');
insert into Code_Nationalite(code,label) values ('MKD','Macédonien');
insert into Code_Nationalite(code,label) values ('MDG','Madagascar');
insert into Code_Nationalite(code,label) values ('MYS','Malaisienne');
insert into Code_Nationalite(code,label) values ('MLI','Malienne');
insert into Code_Nationalite(code,label) values ('MLT','Maltaise');
insert into Code_Nationalite(code,label) values ('MAR','Marocaine');
insert into Code_Nationalite(code,label) values ('MUS','Mauricienne');
insert into Code_Nationalite(code,label) values ('MRT','Mauritanienne');
insert into Code_Nationalite(code,label) values ('MEX','Mexicaine');
insert into Code_Nationalite(code,label) values ('MCO','Monégasque');
insert into Code_Nationalite(code,label) values ('MNG','Mongole');
insert into Code_Nationalite(code,label) values ('NAM','Namibienne');
insert into Code_Nationalite(code,label) values ('NZL','Néo-Zélandaise');
insert into Code_Nationalite(code,label) values ('NPL','Népalaise');
insert into Code_Nationalite(code,label) values ('NGA','Nigériane');
insert into Code_Nationalite(code,label) values ('NER','Nigérienne');
insert into Code_Nationalite(code,label) values ('PRK','Nord Coréenne');
insert into Code_Nationalite(code,label) values ('NOR','Norvégienne');
insert into Code_Nationalite(code,label) values ('PAK','Pakistanaise');
insert into Code_Nationalite(code,label) values ('PAN','Panaméenne');
insert into Code_Nationalite(code,label) values ('PRY','Paraguayenne');
insert into Code_Nationalite(code,label) values ('PER','Péruvienne');
insert into Code_Nationalite(code,label) values ('PHL','Philippine');
insert into Code_Nationalite(code,label) values ('POL','Polonaise');
insert into Code_Nationalite(code,label) values ('PRI','Portoricaine');
insert into Code_Nationalite(code,label) values ('PRT','Portugaise');
insert into Code_Nationalite(code,label) values ('ROU','Roumaine');
insert into Code_Nationalite(code,label) values ('RUS','Russe');
insert into Code_Nationalite(code,label) values ('RWA','Rwandaise');
insert into Code_Nationalite(code,label) values ('SAU','Saoudienne');
insert into Code_Nationalite(code,label) values ('SEN','Sénégalaise');
insert into Code_Nationalite(code,label) values ('SRB','Serbe');
insert into Code_Nationalite(code,label) values ('SGP','Singapour');
insert into Code_Nationalite(code,label) values ('SVK','Slovaque');
insert into Code_Nationalite(code,label) values ('SDN','Soudanaise');
insert into Code_Nationalite(code,label) values ('LKA','Sri-Lankaise');
insert into Code_Nationalite(code,label) values ('ZAF','Sud-Africaine');
insert into Code_Nationalite(code,label) values ('KOR','Sud-Coréenne');
insert into Code_Nationalite(code,label) values ('SWE','Suédoise');
insert into Code_Nationalite(code,label) values ('CHE','Suisse');
insert into Code_Nationalite(code,label) values ('SYR','Syrienne');
insert into Code_Nationalite(code,label) values ('TJK','Tadjik');
insert into Code_Nationalite(code,label) values ('TWN','Taïwanaise');
insert into Code_Nationalite(code,label) values ('TZA','Tanzanienne');
insert into Code_Nationalite(code,label) values ('TCD','Tchadienne');
insert into Code_Nationalite(code,label) values ('CZE','Tchèque');
insert into Code_Nationalite(code,label) values ('THA','Thaïlandaise');
insert into Code_Nationalite(code,label) values ('TUN','Tunisienne');
insert into Code_Nationalite(code,label) values ('TUR','Turque');
insert into Code_Nationalite(code,label) values ('UKR','Ukranienne');
insert into Code_Nationalite(code,label) values ('URY','Uruguayenne');
insert into Code_Nationalite(code,label) values ('VEN','Vénézuélienne');
insert into Code_Nationalite(code,label) values ('VNM','Vietnamienne');
insert into Code_Nationalite(code,label) values ('YEM','Yéménite');
insert into Code_Nationalite(code,label) values ('ZWE','Zimbabwéenne');
delete from Code_Pays;
insert into Code_Pays(code,label) values ('AF','Afghanistan');
insert into Code_Pays(code,label) values ('AX','Åland Islands');
insert into Code_Pays(code,label) values ('AL','Albania');
insert into Code_Pays(code,label) values ('DZ','Algeria');
insert into Code_Pays(code,label) values ('AS','American Samoa');
insert into Code_Pays(code,label) values ('AD','Andorra');
insert into Code_Pays(code,label) values ('AO','Angola');
insert into Code_Pays(code,label) values ('AI','Anguilla');
insert into Code_Pays(code,label) values ('AQ','Antarctica');
insert into Code_Pays(code,label) values ('AG','Antigua & Barbuda');
insert into Code_Pays(code,label) values ('AR','Argentina');
insert into Code_Pays(code,label) values ('AM','Armenia');
insert into Code_Pays(code,label) values ('AW','Aruba');
insert into Code_Pays(code,label) values ('AU','Australia');
insert into Code_Pays(code,label) values ('AT','Austria');
insert into Code_Pays(code,label) values ('AZ','Azerbaijan');
insert into Code_Pays(code,label) values ('BS','Bahamas');
insert into Code_Pays(code,label) values ('BH','Bahrain');
insert into Code_Pays(code,label) values ('BD','Bangladesh');
insert into Code_Pays(code,label) values ('BB','Barbados');
insert into Code_Pays(code,label) values ('BY','Belarus');
insert into Code_Pays(code,label) values ('BE','Belgium');
insert into Code_Pays(code,label) values ('BZ','Belize');
insert into Code_Pays(code,label) values ('BJ','Benin');
insert into Code_Pays(code,label) values ('BM','Bermuda');
insert into Code_Pays(code,label) values ('BT','Bhutan');
insert into Code_Pays(code,label) values ('BO','Bolivia');
insert into Code_Pays(code,label) values ('BA','Bosnia & Herzegovina');
insert into Code_Pays(code,label) values ('BW','Botswana');
insert into Code_Pays(code,label) values ('BV','Bouvet Island');
insert into Code_Pays(code,label) values ('BR','Brazil');
insert into Code_Pays(code,label) values ('IO','British Indian Ocean Territory');
insert into Code_Pays(code,label) values ('VG','British Virgin Islands');
insert into Code_Pays(code,label) values ('BN','Brunei');
insert into Code_Pays(code,label) values ('BG','Bulgaria');
insert into Code_Pays(code,label) values ('BF','Burkina Faso');
insert into Code_Pays(code,label) values ('BI','Burundi');
insert into Code_Pays(code,label) values ('KH','Cambodia');
insert into Code_Pays(code,label) values ('CM','Cameroon');
insert into Code_Pays(code,label) values ('CA','Canada');
insert into Code_Pays(code,label) values ('CV','Cape Verde');
insert into Code_Pays(code,label) values ('BQ','Caribbean Netherlands');
insert into Code_Pays(code,label) values ('KY','Cayman Islands');
insert into Code_Pays(code,label) values ('CF','Central African Republic');
insert into Code_Pays(code,label) values ('TD','Chad');
insert into Code_Pays(code,label) values ('CL','Chile');
insert into Code_Pays(code,label) values ('CN','China');
insert into Code_Pays(code,label) values ('CX','Christmas Island');
insert into Code_Pays(code,label) values ('CC','Cocos (Keeling) Islands');
insert into Code_Pays(code,label) values ('CO','Colombia');
insert into Code_Pays(code,label) values ('KM','Comoros');
insert into Code_Pays(code,label) values ('CG','Congo - Brazzaville');
insert into Code_Pays(code,label) values ('CD','Congo - Kinshasa');
insert into Code_Pays(code,label) values ('CK','Cook Islands');
insert into Code_Pays(code,label) values ('CR','Costa Rica');
insert into Code_Pays(code,label) values ('CI','Côte d’Ivoire');
insert into Code_Pays(code,label) values ('HR','Croatia');
insert into Code_Pays(code,label) values ('CU','Cuba');
insert into Code_Pays(code,label) values ('CW','Curaçao');
insert into Code_Pays(code,label) values ('CY','Cyprus');
insert into Code_Pays(code,label) values ('CZ','Czechia');
insert into Code_Pays(code,label) values ('DK','Denmark');
insert into Code_Pays(code,label) values ('DJ','Djibouti');
insert into Code_Pays(code,label) values ('DM','Dominica');
insert into Code_Pays(code,label) values ('DO','Dominican Republic');
insert into Code_Pays(code,label) values ('EC','Ecuador');
insert into Code_Pays(code,label) values ('EG','Egypt');
insert into Code_Pays(code,label) values ('SV','El Salvador');
insert into Code_Pays(code,label) values ('GQ','Equatorial Guinea');
insert into Code_Pays(code,label) values ('ER','Eritrea');
insert into Code_Pays(code,label) values ('EE','Estonia');
insert into Code_Pays(code,label) values ('SZ','Eswatini');
insert into Code_Pays(code,label) values ('ET','Ethiopia');
insert into Code_Pays(code,label) values ('FK','Falkland Islands');
insert into Code_Pays(code,label) values ('FO','Faroe Islands');
insert into Code_Pays(code,label) values ('FJ','Fiji');
insert into Code_Pays(code,label) values ('FI','Finland');
insert into Code_Pays(code,label) values ('FR','France');
insert into Code_Pays(code,label) values ('GA','Gabon');
insert into Code_Pays(code,label) values ('GM','Gambia');
insert into Code_Pays(code,label) values ('GE','Georgia');
insert into Code_Pays(code,label) values ('DE','Germany');
insert into Code_Pays(code,label) values ('GH','Ghana');
insert into Code_Pays(code,label) values ('GI','Gibraltar');
insert into Code_Pays(code,label) values ('GR','Greece');
insert into Code_Pays(code,label) values ('GL','Greenland');
insert into Code_Pays(code,label) values ('GD','Grenada');
insert into Code_Pays(code,label) values ('GU','Guam');
insert into Code_Pays(code,label) values ('GT','Guatemala');
insert into Code_Pays(code,label) values ('GG','Guernsey');
insert into Code_Pays(code,label) values ('GN','Guinea');
insert into Code_Pays(code,label) values ('GW','Guinea-Bissau');
insert into Code_Pays(code,label) values ('GY','Guyana');
insert into Code_Pays(code,label) values ('HT','Haiti');
insert into Code_Pays(code,label) values ('HM','Heard & McDonald Islands');
insert into Code_Pays(code,label) values ('HN','Honduras');
insert into Code_Pays(code,label) values ('HK','Hong Kong SAR China');
insert into Code_Pays(code,label) values ('HU','Hungary');
insert into Code_Pays(code,label) values ('IS','Iceland');
insert into Code_Pays(code,label) values ('IN','India');
insert into Code_Pays(code,label) values ('ID','Indonesia');
insert into Code_Pays(code,label) values ('IR','Iran');
insert into Code_Pays(code,label) values ('IQ','Iraq');
insert into Code_Pays(code,label) values ('IE','Ireland');
insert into Code_Pays(code,label) values ('IM','Isle of Man');
insert into Code_Pays(code,label) values ('IL','Israel');
insert into Code_Pays(code,label) values ('IT','Italy');
insert into Code_Pays(code,label) values ('JM','Jamaica');
insert into Code_Pays(code,label) values ('JP','Japan');
insert into Code_Pays(code,label) values ('JE','Jersey');
insert into Code_Pays(code,label) values ('JO','Jordan');
insert into Code_Pays(code,label) values ('KZ','Kazakhstan');
insert into Code_Pays(code,label) values ('KE','Kenya');
insert into Code_Pays(code,label) values ('KI','Kiribati');
insert into Code_Pays(code,label) values ('KW','Kuwait');
insert into Code_Pays(code,label) values ('KG','Kyrgyzstan');
insert into Code_Pays(code,label) values ('LA','Laos');
insert into Code_Pays(code,label) values ('LV','Latvia');
insert into Code_Pays(code,label) values ('LB','Lebanon');
insert into Code_Pays(code,label) values ('LS','Lesotho');
insert into Code_Pays(code,label) values ('LR','Liberia');
insert into Code_Pays(code,label) values ('LY','Libya');
insert into Code_Pays(code,label) values ('LI','Liechtenstein');
insert into Code_Pays(code,label) values ('LT','Lithuania');
insert into Code_Pays(code,label) values ('LU','Luxembourg');
insert into Code_Pays(code,label) values ('MO','Macao SAR China');
insert into Code_Pays(code,label) values ('MG','Madagascar');
insert into Code_Pays(code,label) values ('MW','Malawi');
insert into Code_Pays(code,label) values ('MY','Malaysia');
insert into Code_Pays(code,label) values ('MV','Maldives');
insert into Code_Pays(code,label) values ('ML','Mali');
insert into Code_Pays(code,label) values ('MT','Malta');
insert into Code_Pays(code,label) values ('MH','Marshall Islands');
insert into Code_Pays(code,label) values ('MR','Mauritania');
insert into Code_Pays(code,label) values ('MU','Mauritius');
insert into Code_Pays(code,label) values ('MX','Mexico');
insert into Code_Pays(code,label) values ('FM','Micronesia');
insert into Code_Pays(code,label) values ('MD','Moldova');
insert into Code_Pays(code,label) values ('MC','Monaco');
insert into Code_Pays(code,label) values ('MN','Mongolia');
insert into Code_Pays(code,label) values ('ME','Montenegro');
insert into Code_Pays(code,label) values ('MS','Montserrat');
insert into Code_Pays(code,label) values ('MA','Morocco');
insert into Code_Pays(code,label) values ('MZ','Mozambique');
insert into Code_Pays(code,label) values ('MM','Myanmar (Burma)');
insert into Code_Pays(code,label) values ('NA','Namibia');
insert into Code_Pays(code,label) values ('NR','Nauru');
insert into Code_Pays(code,label) values ('NP','Nepal');
insert into Code_Pays(code,label) values ('NL','Netherlands');
insert into Code_Pays(code,label) values ('NZ','New Zealand');
insert into Code_Pays(code,label) values ('NI','Nicaragua');
insert into Code_Pays(code,label) values ('NE','Niger');
insert into Code_Pays(code,label) values ('NG','Nigeria');
insert into Code_Pays(code,label) values ('NU','Niue');
insert into Code_Pays(code,label) values ('NF','Norfolk Island');
insert into Code_Pays(code,label) values ('KP','North Korea');
insert into Code_Pays(code,label) values ('MK','North Macedonia');
insert into Code_Pays(code,label) values ('MP','Northern Mariana Islands');
insert into Code_Pays(code,label) values ('NO','Norway');
insert into Code_Pays(code,label) values ('OM','Oman');
insert into Code_Pays(code,label) values ('PK','Pakistan');
insert into Code_Pays(code,label) values ('PW','Palau');
insert into Code_Pays(code,label) values ('PS','Palestinian Territories');
insert into Code_Pays(code,label) values ('PA','Panama');
insert into Code_Pays(code,label) values ('PG','Papua New Guinea');
insert into Code_Pays(code,label) values ('PY','Paraguay');
insert into Code_Pays(code,label) values ('PE','Peru');
insert into Code_Pays(code,label) values ('PH','Philippines');
insert into Code_Pays(code,label) values ('PN','Pitcairn Islands');
insert into Code_Pays(code,label) values ('PL','Poland');
insert into Code_Pays(code,label) values ('PT','Portugal');
insert into Code_Pays(code,label) values ('PR','Puerto Rico');
insert into Code_Pays(code,label) values ('QA','Qatar');
insert into Code_Pays(code,label) values ('RO','Romania');
insert into Code_Pays(code,label) values ('RU','Russia');
insert into Code_Pays(code,label) values ('RW','Rwanda');
insert into Code_Pays(code,label) values ('WS','Samoa');
insert into Code_Pays(code,label) values ('SM','San Marino');
insert into Code_Pays(code,label) values ('ST','São Tomé & Príncipe');
insert into Code_Pays(code,label) values ('SA','Saudi Arabia');
insert into Code_Pays(code,label) values ('SN','Senegal');
insert into Code_Pays(code,label) values ('RS','Serbia');
insert into Code_Pays(code,label) values ('SC','Seychelles');
insert into Code_Pays(code,label) values ('SL','Sierra Leone');
insert into Code_Pays(code,label) values ('SG','Singapore');
insert into Code_Pays(code,label) values ('SX','Sint Maarten');
insert into Code_Pays(code,label) values ('SK','Slovakia');
insert into Code_Pays(code,label) values ('SI','Slovenia');
insert into Code_Pays(code,label) values ('SB','Solomon Islands');
insert into Code_Pays(code,label) values ('SO','Somalia');
insert into Code_Pays(code,label) values ('ZA','South Africa');
insert into Code_Pays(code,label) values ('GS','South Georgia & South Sandwich Islands');
insert into Code_Pays(code,label) values ('KR','South Korea');
insert into Code_Pays(code,label) values ('SS','South Sudan');
insert into Code_Pays(code,label) values ('ES','Spain');
insert into Code_Pays(code,label) values ('LK','Sri Lanka');
insert into Code_Pays(code,label) values ('SH','St. Helena');
insert into Code_Pays(code,label) values ('KN','St. Kitts & Nevis');
insert into Code_Pays(code,label) values ('LC','St. Lucia');
insert into Code_Pays(code,label) values ('MF','St. Martin');
insert into Code_Pays(code,label) values ('VC','St. Vincent & Grenadines');
insert into Code_Pays(code,label) values ('SD','Sudan');
insert into Code_Pays(code,label) values ('SR','Suriname');
insert into Code_Pays(code,label) values ('SJ','Svalbard & Jan Mayen');
insert into Code_Pays(code,label) values ('SE','Sweden');
insert into Code_Pays(code,label) values ('CH','Switzerland');
insert into Code_Pays(code,label) values ('SY','Syria');
insert into Code_Pays(code,label) values ('TW','Taiwan');
insert into Code_Pays(code,label) values ('TJ','Tajikistan');
insert into Code_Pays(code,label) values ('TZ','Tanzania');
insert into Code_Pays(code,label) values ('TH','Thailand');
insert into Code_Pays(code,label) values ('TL','Timor-Leste');
insert into Code_Pays(code,label) values ('TG','Togo');
insert into Code_Pays(code,label) values ('TK','Tokelau');
insert into Code_Pays(code,label) values ('TO','Tonga');
insert into Code_Pays(code,label) values ('TT','Trinidad & Tobago');
insert into Code_Pays(code,label) values ('TN','Tunisia');
insert into Code_Pays(code,label) values ('TR','Turkey');
insert into Code_Pays(code,label) values ('TM','Turkmenistan');
insert into Code_Pays(code,label) values ('TC','Turks & Caicos Islands');
insert into Code_Pays(code,label) values ('TV','Tuvalu');
insert into Code_Pays(code,label) values ('UM','U.S. Outlying Islands');
insert into Code_Pays(code,label) values ('VI','U.S. Virgin Islands');
insert into Code_Pays(code,label) values ('UG','Uganda');
insert into Code_Pays(code,label) values ('UA','Ukraine');
insert into Code_Pays(code,label) values ('AE','United Arab Emirates');
insert into Code_Pays(code,label) values ('GB','United Kingdom');
insert into Code_Pays(code,label) values ('US','United States');
insert into Code_Pays(code,label) values ('UY','Uruguay');
insert into Code_Pays(code,label) values ('UZ','Uzbekistan');
insert into Code_Pays(code,label) values ('VU','Vanuatu');
insert into Code_Pays(code,label) values ('VA','Vatican City');
insert into Code_Pays(code,label) values ('VE','Venezuela');
insert into Code_Pays(code,label) values ('VN','Vietnam');
insert into Code_Pays(code,label) values ('EH','Western Sahara');
insert into Code_Pays(code,label) values ('YE','Yemen');
insert into Code_Pays(code,label) values ('ZM','Zambia');
insert into Code_Pays(code,label) values ('ZW','Zimbabwe');
delete from Code_Role_Personne_Qualifiee;
insert into Code_Role_Personne_Qualifiee(code,label) values ('1','Entrepreneur');
insert into Code_Role_Personne_Qualifiee(code,label) values ('2','Représentant légal');
insert into Code_Role_Personne_Qualifiee(code,label) values ('3','Conjoint');
insert into Code_Role_Personne_Qualifiee(code,label) values ('4','Salarié');
insert into Code_Role_Personne_Qualifiee(code,label) values ('5','Autre');
delete from Codif_Norme;
insert into Codif_Norme(code,label) values ('A','APCA');
insert into Codif_Norme(code,label) values ('B','Caisse d''Assurance Retraite et de la Santé Au Travail');
insert into Codif_Norme(code,label) values ('C','Chambre de Commerce et d''Industrie');
insert into Codif_Norme(code,label) values ('D','Institut National de la Statistique et des Etudes Economiques');
insert into Codif_Norme(code,label) values ('E','Mutualité Sociale Agricole');
insert into Codif_Norme(code,label) values ('F','Régime social des indépendants');
insert into Codif_Norme(code,label) values ('G','Greffes du tribunal de commerce ou de grande instance statuant commercialement');
insert into Codif_Norme(code,label) values ('I','Services des impôts');
insert into Codif_Norme(code,label) values ('J','Institut national de la propriété industrielle');
insert into Codif_Norme(code,label) values ('K','Caisse nationale d''assurance vieillesse des professions libérales');
insert into Codif_Norme(code,label) values ('L','Établissement départemental d''élevage');
insert into Codif_Norme(code,label) values ('M','Chambre de Métiers et de l''artisanat');
insert into Codif_Norme(code,label) values ('N','Direction Départementale des Territoires et de la Mer');
insert into Codif_Norme(code,label) values ('T','Direction régionale des entreprises, de la concurrence, de la consommation, du travail et de l''emplois');
insert into Codif_Norme(code,label) values ('U','Unions de Recouvrement des cotisations de Sécurité Sociale et d''Allocations Familiales');
insert into Codif_Norme(code,label) values ('W','Services des Douanes');
insert into Codif_Norme(code,label) values ('X','Chambre d''agriculture');
delete from condition_versementtva;
insert into condition_versementtva(code,label) values ('510','Versements d''acomptes trimestriels (régularisation annuelle)');
insert into condition_versementtva(code,label) values ('511','Option pour des déclarations trimestrielles sur les recettes effectives');
insert into condition_versementtva(code,label) values ('513','Option pour des déclarations mensuelles sur les recettes effectives');
insert into condition_versementtva(code,label) values ('512','Option pour le dépot annuel d''une régularisation');
delete from Destination;
insert into Destination(code,label) values ('1','Mise en location des terres');
insert into Destination(code,label) values ('2','Conservation de cheptel ou de stock');
insert into Destination(code,label) values ('3','Exploitation de subsistance');
insert into Destination(code,label) values ('4','Sans destination');
insert into Destination(code,label) values ('5','Reprise de l''exploitation');
insert into Destination(code,label) values ('6','Supléant désigné par une instance professionnelle');
delete from Destination_Etablissement;
insert into Destination_Etablissement(code,label) values ('3','Vendu');
insert into Destination_Etablissement(code,label) values ('7','L''établissement devient siège');
insert into Destination_Etablissement(code,label) values ('8','L''établissement devient principal');
insert into Destination_Etablissement(code,label) values ('9','Autre');
insert into Destination_Etablissement(code,label) values ('A','L''établissement devient secondaire');
insert into Destination_Etablissement(code,label) values ('B','Fermé');
insert into Destination_Etablissement(code,label) values ('C','Supprimé');
insert into Destination_Etablissement(code,label) values ('D','Mise en location gérance de la totalité du fonds');
insert into Destination_Etablissement(code,label) values ('E','Mise en location gérance d''une partie du fonds');
insert into Destination_Etablissement(code,label) values ('K','Mise en gérance mandat');
insert into Destination_Etablissement(code,label) values ('F','Cessation d''activité');
insert into Destination_Etablissement(code,label) values ('G','Mise en location de la totalité des terres et bâtiments agricoles avec option TVA bailleur de biens ruraux');
insert into Destination_Etablissement(code,label) values ('H','Mise en location d’une partie des terres et bâtiments agricoles avec option TVA bailleur de biens ruraux');
insert into Destination_Etablissement(code,label) values ('I','Transmission au conjoint');
insert into Destination_Etablissement(code,label) values ('J','Cession');
delete from Destination_Location_Gerance_Mand;
insert into Destination_Location_Gerance_Mand(code,label) values ('1','Gérance-mandat');
insert into Destination_Location_Gerance_Mand(code,label) values ('2','Location-gérance');
delete from Devise_Capital;
insert into Devise_Capital(code,label) values ('AFN','Afghani');
insert into Devise_Capital(code,label) values ('ALL','Lek');
insert into Devise_Capital(code,label) values ('DZD','Dinars algériens');
insert into Devise_Capital(code,label) values ('AOA','Kwanza');
insert into Devise_Capital(code,label) values ('XCD','Dollar des Caraïbes orientales');
insert into Devise_Capital(code,label) values ('SAR','Riyal Saoudiens');
insert into Devise_Capital(code,label) values ('ARS','Peso Argentin');
insert into Devise_Capital(code,label) values ('AMD','Dram Armenien');
insert into Devise_Capital(code,label) values ('AWG','Aruban Florin');
insert into Devise_Capital(code,label) values ('AUD','Dollars Australiens');
insert into Devise_Capital(code,label) values ('AZN','Azerbaijanian Manat');
insert into Devise_Capital(code,label) values ('BSD','Dollar Bahaméen');
insert into Devise_Capital(code,label) values ('BHD','Dinar Bahraini');
insert into Devise_Capital(code,label) values ('BDT','Taka');
insert into Devise_Capital(code,label) values ('BBD','Dollars Barbados');
insert into Devise_Capital(code,label) values ('BZD','Dollar de Bélize');
insert into Devise_Capital(code,label) values ('XOF','CFA Franc BCEAO');
insert into Devise_Capital(code,label) values ('BMD','Dollar Bermudien');
insert into Devise_Capital(code,label) values ('BTN','Ngultrum');
insert into Devise_Capital(code,label) values ('INR','Rupee Indienne');
insert into Devise_Capital(code,label) values ('BYR','Ruble Biélorusse');
insert into Devise_Capital(code,label) values ('BOV','Mvdol');
insert into Devise_Capital(code,label) values ('BOB','Boliviano');
insert into Devise_Capital(code,label) values ('BAM','Mark Convertible');
insert into Devise_Capital(code,label) values ('BWP','Pula');
insert into Devise_Capital(code,label) values ('NOK','Couronne Norvégienne');
insert into Devise_Capital(code,label) values ('BND','Brunei Dollar');
insert into Devise_Capital(code,label) values ('BRL','Real Brésilien');
insert into Devise_Capital(code,label) values ('BGN','Lev Bulgare');
insert into Devise_Capital(code,label) values ('BIF','Franc Burundi');
insert into Devise_Capital(code,label) values ('CVE','Cabo Verde Escudo');
insert into Devise_Capital(code,label) values ('KHR','Riel');
insert into Devise_Capital(code,label) values ('XAF','CFA Franc BEAC');
insert into Devise_Capital(code,label) values ('CAD','Dollar Canadien');
insert into Devise_Capital(code,label) values ('KYD','Cayman Islands Dollar');
insert into Devise_Capital(code,label) values ('CLF','Unidad de Fomento');
insert into Devise_Capital(code,label) values ('CLP','Peso Chilien');
insert into Devise_Capital(code,label) values ('CNY','Yuan Renminbi');
insert into Devise_Capital(code,label) values ('COP','Peso Colombien');
insert into Devise_Capital(code,label) values ('COU','Unidad de Valor Real');
insert into Devise_Capital(code,label) values ('KMF','Franc Comorien');
insert into Devise_Capital(code,label) values ('CDF','Le Franc Congolais');
insert into Devise_Capital(code,label) values ('NZD','Dollar néo-zélandais');
insert into Devise_Capital(code,label) values ('KRW','Won');
insert into Devise_Capital(code,label) values ('KPW','Won Nord-coréen');
insert into Devise_Capital(code,label) values ('CRC','Costa Rican Colon');
insert into Devise_Capital(code,label) values ('HRK','Kuna');
insert into Devise_Capital(code,label) values ('CUC','Peso Convertible');
insert into Devise_Capital(code,label) values ('CUP','Peso Cubain');
insert into Devise_Capital(code,label) values ('ANG','Florin des Antilles néerlandaises');
insert into Devise_Capital(code,label) values ('DKK','Couronne Danoise');
insert into Devise_Capital(code,label) values ('DJF','Franc Djiboutien');
insert into Devise_Capital(code,label) values ('EGP','Pound Égyptien');
insert into Devise_Capital(code,label) values ('USD','US Dollar');
insert into Devise_Capital(code,label) values ('ERN','Nakfa');
insert into Devise_Capital(code,label) values ('ETB','Birr Éthiopienne');
insert into Devise_Capital(code,label) values ('FKP','Livre des Îles Malouines');
insert into Devise_Capital(code,label) values ('FJD','Dollar des Fiji');
insert into Devise_Capital(code,label) values ('XDR','SDR (Droit de tirage spécial)');
insert into Devise_Capital(code,label) values ('GMD','Dalasi');
insert into Devise_Capital(code,label) values ('GEL','Lari');
insert into Devise_Capital(code,label) values ('GHS','Cedi du Ghana');
insert into Devise_Capital(code,label) values ('GIP','Pound de Gibraltar');
insert into Devise_Capital(code,label) values ('GTQ','Quetzal');
insert into Devise_Capital(code,label) values ('GBP','Livre Sterling');
insert into Devise_Capital(code,label) values ('GNF','Franc Guinéen');
insert into Devise_Capital(code,label) values ('GYD','Dollar guyanien');
insert into Devise_Capital(code,label) values ('HTG','Gourde');
insert into Devise_Capital(code,label) values ('HNL','Lempira');
insert into Devise_Capital(code,label) values ('HKD','Dollar de Hong Kong');
insert into Devise_Capital(code,label) values ('HUF','Forint');
insert into Devise_Capital(code,label) values ('IDR','Rupiah');
insert into Devise_Capital(code,label) values ('IRR','Rial Iranien');
insert into Devise_Capital(code,label) values ('IQD','Dinar Iraquien');
insert into Devise_Capital(code,label) values ('ISK','Couronne Islandaise');
insert into Devise_Capital(code,label) values ('ILS','Nouveau Sheqel Israélien');
insert into Devise_Capital(code,label) values ('JMD','Dollars Jamaicain');
insert into Devise_Capital(code,label) values ('JPY','Yen');
insert into Devise_Capital(code,label) values ('JOD','Dinars Jordanien');
insert into Devise_Capital(code,label) values ('KZT','Tenge');
insert into Devise_Capital(code,label) values ('KES','Shilling Kenyan');
insert into Devise_Capital(code,label) values ('KGS','Som');
insert into Devise_Capital(code,label) values ('KWD','Dinar Kowaitien');
insert into Devise_Capital(code,label) values ('LAK','Kip');
insert into Devise_Capital(code,label) values ('SVC','Le Colon Salvadorien');
insert into Devise_Capital(code,label) values ('LSL','Loti');
insert into Devise_Capital(code,label) values ('ZAR','Rand');
insert into Devise_Capital(code,label) values ('LBP','Pound Libanais');
insert into Devise_Capital(code,label) values ('LRD','Dollar du Liberia');
insert into Devise_Capital(code,label) values ('LYD','Dinars Libien');
insert into Devise_Capital(code,label) values ('CHF','Franc Suisse');
insert into Devise_Capital(code,label) values ('MOP','Pataca');
insert into Devise_Capital(code,label) values ('MKD','Denar');
insert into Devise_Capital(code,label) values ('MGA','Malagasy Ariary');
insert into Devise_Capital(code,label) values ('MWK','Kwacha');
insert into Devise_Capital(code,label) values ('MYR','Ringgi Malaisien');
insert into Devise_Capital(code,label) values ('MVR','Rufiyaa');
insert into Devise_Capital(code,label) values ('MUR','Mauritius Rupee');
insert into Devise_Capital(code,label) values ('MRO','Ouguiya');
insert into Devise_Capital(code,label) values ('MXN','Peso Mexicain');
insert into Devise_Capital(code,label) values ('MXV','Mexican Unidad de Inversion (UDI)');
insert into Devise_Capital(code,label) values ('MDL','Leu Moldavien');
insert into Devise_Capital(code,label) values ('MNT','Tugrik');
insert into Devise_Capital(code,label) values ('MAD','Dirham Maroccain');
insert into Devise_Capital(code,label) values ('MZN','Metical');
insert into Devise_Capital(code,label) values ('MMK','Kyat');
insert into Devise_Capital(code,label) values ('NAD','Dollar Namibien');
insert into Devise_Capital(code,label) values ('NIO','Cordoba');
insert into Devise_Capital(code,label) values ('NGN','Naira');
insert into Devise_Capital(code,label) values ('XPF','Franc CFP');
insert into Devise_Capital(code,label) values ('NPR','Rupee Népalais');
insert into Devise_Capital(code,label) values ('OMR','Rial Omani');
insert into Devise_Capital(code,label) values ('UGX','Shilling Ougandaisg');
insert into Devise_Capital(code,label) values ('UZS','Sum d''Oubekistan');
insert into Devise_Capital(code,label) values ('PKR','Rupee du Pakistan');
insert into Devise_Capital(code,label) values ('PAB','Balboa');
insert into Devise_Capital(code,label) values ('PGK','Kina');
insert into Devise_Capital(code,label) values ('PYG','Guarani');
insert into Devise_Capital(code,label) values ('XUA','Unité de compte de la BAD');
insert into Devise_Capital(code,label) values ('PEN','Nouveau Sol');
insert into Devise_Capital(code,label) values ('PHP','Peso Phillipins');
insert into Devise_Capital(code,label) values ('PLN','Zloty');
insert into Devise_Capital(code,label) values ('QAR','Rial Qatari');
insert into Devise_Capital(code,label) values ('RON','Leu Roumain');
insert into Devise_Capital(code,label) values ('RUB','Ruble Russe');
insert into Devise_Capital(code,label) values ('RWF','Franc Rwandais');
insert into Devise_Capital(code,label) values ('DOP','Peso Dominicain');
insert into Devise_Capital(code,label) values ('CZK','Couronne Tchèque');
insert into Devise_Capital(code,label) values ('SHP','Livre de Saint Helene');
insert into Devise_Capital(code,label) values ('WST','Tala');
insert into Devise_Capital(code,label) values ('STD','Dobra');
insert into Devise_Capital(code,label) values ('RSD','Dinar Serbe');
insert into Devise_Capital(code,label) values ('SCR','Rupee des Seychelles');
insert into Devise_Capital(code,label) values ('SLL','Leone');
insert into Devise_Capital(code,label) values ('SGD','Dollar Singaporien');
insert into Devise_Capital(code,label) values ('XSU','Sucre');
insert into Devise_Capital(code,label) values ('SBD','Dollar des îles Solomon');
insert into Devise_Capital(code,label) values ('SOS','Shilling Somalien');
insert into Devise_Capital(code,label) values ('SDG','Livre Soudanais');
insert into Devise_Capital(code,label) values ('SSP','Livre sud-soudanaise');
insert into Devise_Capital(code,label) values ('LKR','Rupee Sri Lankais');
insert into Devise_Capital(code,label) values ('CHE','WIR Euro');
insert into Devise_Capital(code,label) values ('CHW','Franc WIR');
insert into Devise_Capital(code,label) values ('SRD','Dollars du Surinam');
insert into Devise_Capital(code,label) values ('SEK','Couronne Suédoise');
insert into Devise_Capital(code,label) values ('SZL','Lilangeni');
insert into Devise_Capital(code,label) values ('SYP','Pound Syrien');
insert into Devise_Capital(code,label) values ('TJS','Somoni');
insert into Devise_Capital(code,label) values ('TWD','Nouveau dollars Taiwanais');
insert into Devise_Capital(code,label) values ('TZS','Shilling Tanzanien');
insert into Devise_Capital(code,label) values ('THB','Baht');
insert into Devise_Capital(code,label) values ('TOP','Pa’anga');
insert into Devise_Capital(code,label) values ('TTD','Dollars de Trinidad et Tobago');
insert into Devise_Capital(code,label) values ('TND','Dinars Tunisiens');
insert into Devise_Capital(code,label) values ('TMT','Turkménistan Nouveau Manat');
insert into Devise_Capital(code,label) values ('TRY','Livre Turque');
insert into Devise_Capital(code,label) values ('UAH','Hryvnia');
insert into Devise_Capital(code,label) values ('EUR','Euro');
insert into Devise_Capital(code,label) values ('AED','Dirham UAE');
insert into Devise_Capital(code,label) values ('UYI','Uruguay Peso en Unidades Indexadas (URUIURUI)');
insert into Devise_Capital(code,label) values ('UYU','Peso Uruguayen');
insert into Devise_Capital(code,label) values ('VUV','Vatu');
insert into Devise_Capital(code,label) values ('VEF','Bolivar');
insert into Devise_Capital(code,label) values ('VND','Dong');
insert into Devise_Capital(code,label) values ('YER','Rial du Yemenl');
insert into Devise_Capital(code,label) values ('ZMW','Kwacha Zambien');
insert into Devise_Capital(code,label) values ('ZWL','Dollars du Zimbabwe');
delete from diffusioninsee;
insert into diffusioninsee(code,label) values ('O','Oui');
insert into diffusioninsee(code,label) values ('N','Non');
delete from Document_Extension;
insert into Document_Extension(code,label) values ('pdf','pdf');
insert into Document_Extension(code,label) values ('PDF','PDF');
delete from Events;
insert into Events(code,label) values ('01P','Création d’une entreprise individuelle');
insert into Events(code,label) values ('05P','Création d’une entreprise individuelle, personne ayant déjà exercé une activité non salariée');
insert into Events(code,label) values ('07P','Inscription d’une entreprise individuelle étrangère sans établissement en France');
insert into Events(code,label) values ('10P','Modification du nom ou du prénom de la personne');
insert into Events(code,label) values ('11P','Transfert de l’entreprise');
insert into Events(code,label) values ('15P','Modification du nom d’usage ou du pseudonyme');
insert into Events(code,label) values ('16P','Modification du domicile personnel');
insert into Events(code,label) values ('17P','Modification de la nationalité');
insert into Events(code,label) values ('22P','Décès de l’exploitant avec poursuite de l’exploitation');
insert into Events(code,label) values ('25P','Déclaration, modification relative à l’EIRL');
insert into Events(code,label) values ('28P','Déclaration, modification de l’insaisissabilité');
insert into Events(code,label) values ('29P','Autre modification concernant la personne 1');
insert into Events(code,label) values ('30P','Modification relative au conjoint collaborateur');
insert into Events(code,label) values ('31P','Modification relative aux exploitants de l’indivision ou héritiers');
insert into Events(code,label) values ('36P','Modification relative au représentant social ou au représentant fiscal d’une entreprise personnelle étrangère employeur sans établissement en France');
insert into Events(code,label) values ('37P','Suppression de la mention du contrat d’appui');
insert into Events(code,label) values ('40P','Cessation temporaire d’activité de l’entreprise');
insert into Events(code,label) values ('41P','Cessation totale d’activité non salariée');
insert into Events(code,label) values ('42P','Décès de l’exploitant individuel sans poursuite de l’exploitation avec demande de maintien provisoire au RCS ou au RM');
insert into Events(code,label) values ('43P','Cessation totale d’activité avec demande de maintien provisoire au RCS ou au RM');
insert into Events(code,label) values ('44P','Cessation d’activité agricole avec mise en location des terres et assujettissement à la TVA pour ce bail');
insert into Events(code,label) values ('45P','Cessation d’activité agricole avec conservation de stocks ou de cheptel');
insert into Events(code,label) values ('46P','Départ en retraite avec conservation d’une exploitation de subsistance');
insert into Events(code,label) values ('01M','Création d’une entreprise personne morale');
insert into Events(code,label) values ('02M','Constitution d’une société sans activité');
insert into Events(code,label) values ('03M','Constitution d’une société sans activité au siège avec début d’activité hors siège');
insert into Events(code,label) values ('04M','Ouverture du 1 er établissement en France d’une société commerciale ayant son siège à l''étranger');
insert into Events(code,label) values ('05M','Constitution d’une personne morale dont l’immatriculation est prévue par un texte');
insert into Events(code,label) values ('07M','Inscription d’une société étrangère sans établissement en France');
insert into Events(code,label) values ('10M','Modification de l’identification de la personne morale');
insert into Events(code,label) values ('11M','Transfert du siège de l’entreprise');
insert into Events(code,label) values ('12M','Modification des principales activités de l’entreprise ou de l’objet d’un GEIE');
insert into Events(code,label) values ('13M','Modification de la forme juridique ou du statut particulier');
insert into Events(code,label) values ('14M','Modification du ou des noms de domaine des sites internet de la personne morale');
insert into Events(code,label) values ('15M','Modification du capital social');
insert into Events(code,label) values ('16M','Modification de la durée de la personne morale ou de la date de clôture de l’exercice social');
insert into Events(code,label) values ('17M','Modification de la mention « associé unique » (déclaration ou suppression)');
insert into Events(code,label) values ('18M','Economie Sociale et Solidaire (ESS)');
insert into Events(code,label) values ('19M','Changement de la nature de la gérance');
insert into Events(code,label) values ('22M','Dissolution');
insert into Events(code,label) values ('23M','Demande de prorogation de l’immatriculation au RCS');
insert into Events(code,label) values ('25M','Continuation de l’exploitation malgré un actif net devenu inférieur à la moitié du capital');
insert into Events(code,label) values ('26M','Reconstitution des capitaux propres');
insert into Events(code,label) values ('28M','Dissolution sans liquidation suite à décision de l''associé unique Personne Morale (TUP)');
insert into Events(code,label) values ('29M','Autre modification concernant la personne morale');
insert into Events(code,label) values ('30M','Modification relative aux membres d’un groupement');
insert into Events(code,label) values ('32M','Modification relative aux associés non gérants relevant du régime TNS - MSA');
insert into Events(code,label) values ('33M','Modification relative aux dirigeants d’un groupement');
insert into Events(code,label) values ('34M','Modification relative aux dirigeants d’une société de personnes');
insert into Events(code,label) values ('35M','Modification relative aux dirigeants d’une SARL ou d’une société de capitaux');
insert into Events(code,label) values ('36M','Modification relative au représentant social ou au représentant fiscal d’une société étrangère employeur sans établissement en France');
insert into Events(code,label) values ('38F','Modification des bénéficiaires effectifs');
insert into Events(code,label) values ('40M','Cessation totale d’activité de l’entreprise sans disparition de la personne morale');
insert into Events(code,label) values ('41M','Disparition de la personne morale par suite de fusion ou de scission');
insert into Events(code,label) values ('42M','Disparition de la personne morale');
insert into Events(code,label) values ('43M','Fermeture de l’établissement principal d’une société étrangère');
insert into Events(code,label) values ('44M','Cessation d’activité agricole avec mise en location des terres et assujettissement à la TVA pour ce bail');
insert into Events(code,label) values ('10F','Modification de l’identification de l’exploitation en commun');
insert into Events(code,label) values ('11F','Transfert de l’entreprise');
insert into Events(code,label) values ('51M','Début d’activité au siège d’une entreprise sans activité ou reprise d’activité au siège après une cessation temporaire');
insert into Events(code,label) values ('52M','Ouverture d’un établissement distinct du siège par une entreprise sans activité');
insert into Events(code,label) values ('53PMF','Reprise de l’exploitation d’un fonds mis en location gérance');
insert into Events(code,label) values ('54PMF','PMF Ouverture d’un nouvel établissement');
insert into Events(code,label) values ('55PM','Modification du nom de domaine du site internet d''un établissement');
insert into Events(code,label) values ('56PMF','Transfert d’un établissement');
insert into Events(code,label) values ('60PMF','Modification de l’identification de l’établissement');
insert into Events(code,label) values ('61PMF','Adjonction d’activité');
insert into Events(code,label) values ('64PMF','Renouvellement du contrat de location gérance');
insert into Events(code,label) values ('65PMF','Embauche d’un premier salarié dans un établissement');
insert into Events(code,label) values ('66PMF','Fin d’emploi de tout salarié dans un établissement');
insert into Events(code,label) values ('67PMF','Modification des activités de l’établissement');
insert into Events(code,label) values ('70PM','Modification relative à une personne ayant le pouvoir d’engager l’établissement');
insert into Events(code,label) values ('77PF','Modification relative aux propriétaires indivis du fonds');
insert into Events(code,label) values ('80PMF','Fermeture d’un établissement');
insert into Events(code,label) values ('82PMF','Mise en location gérance ou en gérance mandat d’un des fonds exploités');
insert into Events(code,label) values ('91PM','Rejet de l’immatriculation au RM');
insert into Events(code,label) values ('92PM','Rejet par le Greffe de la formalité présentée au RCS');
insert into Events(code,label) values ('99PMF','Correction ou complément d’une formalité');
delete from Exercice_Activite;
insert into Exercice_Activite(code,label) values ('P','Permanente');
insert into Exercice_Activite(code,label) values ('S','Saisonnière');
delete from Forme_Exercice;
insert into Forme_Exercice(code,label) values ('AGENT_COMMERCIAL','Agent commercial');
insert into Forme_Exercice(code,label) values ('AGRICOLE_NON_ACTIF','Agricole non actif');
insert into Forme_Exercice(code,label) values ('ACTIF_AGRICOLE','Actif agricole');
insert into Forme_Exercice(code,label) values ('ARTISANALE','Artisanale');
insert into Forme_Exercice(code,label) values ('ARTISANALE_REGLEMENTEE','Artisanale reglementee');
insert into Forme_Exercice(code,label) values ('COMMERCIALE','Commerciale');
insert into Forme_Exercice(code,label) values ('INDEPENDANTE','Independante');
insert into Forme_Exercice(code,label) values ('LIBERALE_REGLEMENTEE','Liberale reglementee');
insert into Forme_Exercice(code,label) values ('LOUEUR_MEUBLE','Loueur meuble');
insert into Forme_Exercice(code,label) values ('TOUTE_FORME_ACTIVITE','Toute forme activite');
insert into Forme_Exercice(code,label) values ('GESTION_DE_BIENS','Gestion de biens');
insert into Forme_Exercice(code,label) values ('LOUEUR_TERRE_AGRICOLE','Loueur terre agricole');
insert into Forme_Exercice(code,label) values ('ACTIVITE_DE_PROSPECTION_UNIQUEMENT_NON_COMMERCIALE','Activité de prospection uniquement non commerciale');
insert into Forme_Exercice(code,label) values ('SANS_ACTIVITE','Sans activite');
delete from Forme_Exercice_Activite_Principal;
insert into Forme_Exercice_Activite_Principal(code,label) values ('AGENT_COMMERCIAL','Agent commercial');
insert into Forme_Exercice_Activite_Principal(code,label) values ('AGRICOLE_NON_ACTIF','Agricole : Périmètre des non actifs agricoles');
insert into Forme_Exercice_Activite_Principal(code,label) values ('ACTIF_AGRICOLE','Agricole : Périmètre des actifs agricoles');
insert into Forme_Exercice_Activite_Principal(code,label) values ('ARTISANALE','Artisanale non réglementée');
insert into Forme_Exercice_Activite_Principal(code,label) values ('ARTISANALE_REGLEMENTEE','Artisanale réglementée');
insert into Forme_Exercice_Activite_Principal(code,label) values ('COMMERCIALE','Commerciale');
insert into Forme_Exercice_Activite_Principal(code,label) values ('INDEPENDANTE','Libérale non réglementée');
insert into Forme_Exercice_Activite_Principal(code,label) values ('LIBERALE_REGLEMENTEE','Libérale réglementée');
insert into Forme_Exercice_Activite_Principal(code,label) values ('LOUEUR_MEUBLE','Loueur meublé');
insert into Forme_Exercice_Activite_Principal(code,label) values ('TOUTE_FORME_ACTIVITE','Toute forme d''activité');
insert into Forme_Exercice_Activite_Principal(code,label) values ('GESTION_DE_BIENS','Gestion de biens');
insert into Forme_Exercice_Activite_Principal(code,label) values ('LOUEUR_TERRE_AGRICOLE','Loueur terre agricole');
insert into Forme_Exercice_Activite_Principal(code,label) values ('ACTIVITE_DE_PROSPECTION_UNIQUEMENT_NON_COMMERCIALE','Activité de prospection uniquement (non commerciale)');
insert into Forme_Exercice_Activite_Principal(code,label) values ('SANS_ACTIVITE','Sans activité');
delete from Forme_Juridique;
insert into forme_juridique values(5646,'SA de HLM à directoire','SA de HLM à Dir');
insert into forme_juridique values(0000,'Organisme de placement collectif en valeurs mobilières sans personnalité morale','OPC');
insert into forme_juridique values(1000,'Entrepreneur individuel','EI');
insert into forme_juridique values(2110,'Indivision entre personnes physiques','IPP');
insert into forme_juridique values(2120,'Indivision avec personne morale','IPM');
insert into forme_juridique values(2210,'Société créée de fait entre personnes physiques','SFPP');
insert into forme_juridique values(2220,'Société créée de fait avec personne morale','SFPM');
insert into forme_juridique values(2310,'Société en participation entre personnes physiques','SPPP');
insert into forme_juridique values(2320,'Société en participation avec personne morale','SPPM');
insert into forme_juridique values(2385,'Société en participation de professions libérales','SPPL');
insert into forme_juridique values(2400,'Fiducie','FI');
insert into forme_juridique values(2700,'Paroisse hors zone concordataire','PC');
insert into forme_juridique values(2900,'Autre groupement de droit privé non doté de la personnalité morale','Groupement DP sans PM');
insert into forme_juridique values(3110,'Représentation ou agence commerciale d''état ou organisme public étranger immatriculé au RCS','OP ETRANGER');
insert into forme_juridique values(3120,'Société commerciale étrangère immatriculée au RCS','SE immatriculée');
insert into forme_juridique values(3205,'Organisation internationale','OI');
insert into forme_juridique values(3210,'État, collectivité ou établissement public étranger','Etat');
insert into forme_juridique values(3220,'Société étrangère non immatriculée au RCS','SE non-immatriculée');
insert into forme_juridique values(3290,'Autre personne morale de droit étranger','PM Etrangère');
insert into forme_juridique values(4110,'Établissement public national à caractère industriel ou commercial doté d''un comptable public','EPNI avec comptable');
insert into forme_juridique values(4120,'Établissement public national à caractère industriel ou commercial non doté d''un comptable public','EPNI sans comptable');
insert into forme_juridique values(4130,'Exploitant public','Exploitant public');
insert into forme_juridique values(4140,'Établissement public local à caractère industriel ou commercial','EPLI ou EPLC');
insert into forme_juridique values(4150,'Régie d''une collectivité locale à caractère industriel ou commercial','RCLI ou RCLC');
insert into forme_juridique values(4160,'Institution Banque de France','IBF');
insert into forme_juridique values(5191,'Société de caution mutuelle','SCM');
insert into forme_juridique values(5192,'Société coopérative de banque populaire','SCBP');
insert into forme_juridique values(5193,'Caisse de crédit maritime mutuel','CCMM');
insert into forme_juridique values(5194,'Caisse (fédérale) de crédit mutuel','CFCM');
insert into forme_juridique values(5195,'Association coopérative inscrite (droit local Alsace Moselle)','ACI DL (Alsace Moselle)');
insert into forme_juridique values(5196,'Caisse d''épargne et de prévoyance à forme coopérative','CEP coop');
insert into forme_juridique values(5202,'Société en nom collectif','SNC');
insert into forme_juridique values(5203,'Société en nom collectif coopérative','SNC coop');
insert into forme_juridique values(5306,'Société en commandite simple','SCS');
insert into forme_juridique values(5307,'Société en commandite simple coopérative','SCS coop');
insert into forme_juridique values(5308,'Société en commandite par actions','SCA');
insert into forme_juridique values(5309,'Société en commandite par actions coopérative','SCA coop');
insert into forme_juridique values(8210,'Mutuelle','Mutuelle');
insert into forme_juridique values(5310,'Société en libre partenariat (SLP)','SLP');
insert into forme_juridique values(5370,'Société de Participations Financières de Profession Libérale Société en commandite par actions (SPFPL SCA)','SPFPL CA');
insert into forme_juridique values(5385,'Société d''exercice libéral en commandite par actions','SEL CA');
insert into forme_juridique values(5410,'SARL nationale','SARL');
insert into forme_juridique values(5415,'SARL d''économie mixte','SARL mixte');
insert into forme_juridique values(5422,'SARL immobilière pour le commerce et l''industrie (SICOMI)','SICOMI');
insert into forme_juridique values(5426,'SARL immobilière de gestion','SARL immo');
insert into forme_juridique values(5430,'SARL d''aménagement foncier et d''équipement rural (SAFER)','SAFER');
insert into forme_juridique values(5431,'SARL mixte d''intérêt agricole (SMIA)','SMIA');
insert into forme_juridique values(5432,'SARL d''intérêt collectif agricole (SICA)','SICA');
insert into forme_juridique values(5442,'SARL d''attribution','SARL d''attribution');
insert into forme_juridique values(5443,'SARL coopérative de construction','SARL coop construction');
insert into forme_juridique values(5451,'SARL coopérative de consommation','SARL coop consommation');
insert into forme_juridique values(5453,'SARL coopérative artisanale','SARL coop artisanale');
insert into forme_juridique values(5454,'SARL coopérative d''intérêt maritime','SARL coop interet maritime');
insert into forme_juridique values(5455,'SARL coopérative de transport','SARL coop transport');
insert into forme_juridique values(5458,'SARL coopérative ouvrière de production (SCOP)','SCOP');
insert into forme_juridique values(5459,'SARL union de sociétés coopératives','SARL Ucoop');
insert into forme_juridique values(5460,'Autre SARL coopérative','SARL coop Autre');
insert into forme_juridique values(5470,'Société de Participations Financières de Profession Libérale Société à responsabilité limitée (SPFPL SARL)','SPFPL SARL');
insert into forme_juridique values(5485,'Société d''exercice libéral à responsabilité limitée','SELRL');
insert into forme_juridique values(5499,'Société à responsabilité limitée (sans autre indication)','SRL');
insert into forme_juridique values(5505,'SA à participation ouvrière à conseil d''administration','SA avec CA ouvrier');
insert into forme_juridique values(5510,'SA nationale à conseil d''administration','SA avec CA');
insert into forme_juridique values(5515,'SA d''économie mixte à conseil d''administration','SA mixte avec CA');
insert into forme_juridique values(5520,'Fonds à forme sociétale à conseil d''administration','FS avec CA');
insert into forme_juridique values(5522,'SA immobilière pour le commerce et l''industrie (SICOMI) à conseil d''administration','SICOMI avec CA');
insert into forme_juridique values(5525,'SA immobilière d''investissement à conseil d''administration','SA immo avec CA');
insert into forme_juridique values(5530,'SA d''aménagement foncier et d''équipement rural (SAFER) à conseil d''administration','SAFER avec CA');
insert into forme_juridique values(5531,'Société anonyme mixte d''intérêt agricole (SMIA) à conseil d''administration','SMIA avec CA');
insert into forme_juridique values(5532,'SA d''intérêt collectif agricole (SICA) à conseil d''administration','SICA avec CA');
insert into forme_juridique values(5542,'SA d''attribution à conseil d''administration','SA d''attribution avec CA');
insert into forme_juridique values(5543,'SA coopérative de construction à conseil d''administration','SA coop construction avec CA');
insert into forme_juridique values(5546,'SA de HLM à conseil d''administration','SA HLM avec CA');
insert into forme_juridique values(5547,'SA coopérative de production de HLM à conseil d''administration','SA coop HLM avec CA');
insert into forme_juridique values(5548,'SA de crédit immobilier à conseil d''administration','SA CI avec CA');
insert into forme_juridique values(5551,'SA coopérative de consommation à conseil d''administration','SA coop consommation avec CA');
insert into forme_juridique values(5552,'SA coopérative de commerçants-détaillants à conseil d''administration','SA coop commercant avec CA');
insert into forme_juridique values(5553,'SA coopérative artisanale à conseil d''administration','SA coop artisanale avec CA');
insert into forme_juridique values(5554,'SA coopérative (d''intérêt) maritime à conseil d''administration','SA coop IM avec CA');
insert into forme_juridique values(5555,'SA coopérative de transport à conseil d''administration','SA coop transport avec CA');
insert into forme_juridique values(5558,'SA coopérative ouvrière de production (SCOP) à conseil d''administration','SCOP avec CA');
insert into forme_juridique values(5559,'SA union de sociétés coopératives à conseil d''administration','SA Ucoop avec CA');
insert into forme_juridique values(5560,'Autre SA coopérative à conseil d''administration','SA coop avec CA Autre');
insert into forme_juridique values(5570,'Société de Participations Financières de Profession Libérale Société anonyme à conseil d''administration (SPFPL SA à conseil d''administration)','SPFPL SA avec CA');
insert into forme_juridique values(5585,'Société d''exercice libéral à forme anonyme à conseil d''administration','SELA avec CA');
insert into forme_juridique values(5599,'SA à conseil d''administration (s.a.i.)','SA avec CA');
insert into forme_juridique values(5605,'SA à participation ouvrière à directoire','SA ouvrier avec Dir');
insert into forme_juridique values(5610,'SA nationale à directoire','SA NAT à Dir');
insert into forme_juridique values(5615,'SA d''économie mixte à directoire','SAEM à Dir');
insert into forme_juridique values(5620,'Fonds à forme sociétale à directoire','Fonds à Dir');
insert into forme_juridique values(5622,'SA immobilière pour le commerce et l''industrie (SICOMI) à directoire','SICOMI à Dir');
insert into forme_juridique values(5625,'SA immobilière d''investissement à directoire','SAII à Dir');
insert into forme_juridique values(5630,'Safer anonyme à directoire','SAFER  à Dir');
insert into forme_juridique values(5631,'SA mixte d''intérêt agricole (SMIA)','SMIA');
insert into forme_juridique values(5632,'SA d''intérêt collectif agricole (SICA)','SICA');
insert into forme_juridique values(5642,'SA d''attribution à directoire','SAA à Dir');
insert into forme_juridique values(5643,'SA coopérative de construction à directoire','SA coop à Dir');
insert into forme_juridique values(5647,'Société coopérative de production de HLM anonyme à directoire','STE coop de HLM à Dir');
insert into forme_juridique values(5648,'SA de crédit immobilier à directoire','SA Crédit Immo à Dir');
insert into forme_juridique values(5651,'SA coopérative de consommation à directoire','SA coop consommation à Dir');
insert into forme_juridique values(5652,'SA coopérative de commerçants-détaillants à directoire','SA coop commerçant à Dir');
insert into forme_juridique values(5653,'SA coopérative artisanale à directoire','SA coop artisanale à Dir');
insert into forme_juridique values(5654,'SA coopérative d''intérêt maritime à directoire','SA coop d''Interêt maritime à Dir');
insert into forme_juridique values(5655,'SA coopérative de transport à directoire','SA coop transport à Dir');
insert into forme_juridique values(5658,'SA coopérative ouvrière de production (SCOP) à directoire','SCOP à Dir');
insert into forme_juridique values(5659,'SA union de sociétés coopératives à directoire','SA Union de STE coop à Dir');
insert into forme_juridique values(5660,'Autre SA coopérative à directoire','Société coop à Dir Autre');
insert into forme_juridique values(5670,'Société de Participations Financières de Profession Libérale Société anonyme à Directoire (SPFPL SA à directoire)','SPFPL à Dir');
insert into forme_juridique values(5685,'Société d''exercice libéral à forme anonyme à directoire','SELAFA à Dir');
insert into forme_juridique values(5699,'SA à directoire (s.a.i.)','SAI');
insert into forme_juridique values(5710,'SAS, société par actions simplifiée','SAS');
insert into forme_juridique values(5770,'Société de Participations Financières de Profession Libérale Société par actions simplifiée (SPFPL SAS)','SPFPL SAS');
insert into forme_juridique values(5785,'Société d''exercice libéral par action simplifiée','SELAS');
insert into forme_juridique values(5800,'Société européenne','SE');
insert into forme_juridique values(6100,'Caisse d''Épargne et de Prévoyance','CEP');
insert into forme_juridique values(6210,'Groupement européen d''intérêt économique (GEIE)','GEIE');
insert into forme_juridique values(6220,'Groupement d''intérêt économique (GIE)','GIE');
insert into forme_juridique values(6316,'Coopérative d''utilisation de matériel agricole en commun (CUMA)','CUMA');
insert into forme_juridique values(6317,'Société coopérative agricole','SCA');
insert into forme_juridique values(6318,'Union de sociétés coopératives agricoles','USCA ');
insert into forme_juridique values(6411,'Société d''assurance à forme mutuelle','SAM');
insert into forme_juridique values(6511,'Sociétés Interprofessionnelles de Soins Ambulatoires','SI de Soins');
insert into forme_juridique values(6521,'Société civile de placement collectif immobilier (SCPI)','SCPI');
insert into forme_juridique values(6532,'Société civile d''intérêt collectif agricole (SICA)','SICA');
insert into forme_juridique values(6533,'Groupement agricole d''exploitation en commun (GAEC)','GAEC');
insert into forme_juridique values(6534,'Groupement foncier agricole','GFA');
insert into forme_juridique values(6535,'Groupement agricole foncier','GAF');
insert into forme_juridique values(6536,'Groupement forestier','GF');
insert into forme_juridique values(6537,'Groupement pastoral','GP');
insert into forme_juridique values(6538,'Groupement foncier et rural','GFR');
insert into forme_juridique values(6539,'Société civile foncière','SCF');
insert into forme_juridique values(6540,'Société civile immobilière','SCI');
insert into forme_juridique values(6541,'Société civile immobilière de construction-vente','SCCV');
insert into forme_juridique values(6542,'Société civile d''attribution','SCA');
insert into forme_juridique values(6543,'Société civile coopérative de construction','SCCC');
insert into forme_juridique values(6544,'Société civile immobilière d'' accession progressive à la propriété','SCI APP');
insert into forme_juridique values(6551,'Société civile coopérative de consommation','SC coop Consommation');
insert into forme_juridique values(6554,'Société civile coopérative d''intérêt maritime','SC coop d''Interêt maritime');
insert into forme_juridique values(6558,'Société civile coopérative entre médecins','SC coop Médecins');
insert into forme_juridique values(6560,'Autre société civile coopérative','SC coop Autre');
insert into forme_juridique values(6561,'SCP d''avocats','SCP Avocats');
insert into forme_juridique values(6562,'SCP d''avocats aux conseils','SCP Avocats Conseil');
insert into forme_juridique values(6563,'SCP d''avoués d''appel','SCP Avoués d''appel');
insert into forme_juridique values(6564,'SCP d''huissiers','SCP Huissiers');
insert into forme_juridique values(6565,'SCP de notaires','SCP Notaires');
insert into forme_juridique values(6566,'SCP de commissaires-priseurs','SCP Commissaires-priseurs');
insert into forme_juridique values(6567,'SCP de greffiers de tribunal de commerce','SCP Greffiers');
insert into forme_juridique values(6568,'SCP de conseils juridiques','SCP Conseils Juridiques');
insert into forme_juridique values(6569,'SCP de commissaires aux comptes','SCP CAC');
insert into forme_juridique values(6571,'SCP de médecins','SCP Médecins');
insert into forme_juridique values(6572,'SCP de dentistes','SCP Dentistes');
insert into forme_juridique values(6573,'SCP d''infirmiers','SCP Infirmiers');
insert into forme_juridique values(6574,'SCP de masseurs-kinésithérapeutes','SCP Masseur-kiné');
insert into forme_juridique values(6575,'SCP de directeurs de laboratoire d''analyse médicale','SCP Directeur de labo');
insert into forme_juridique values(6576,'SCP de vétérinaires','SCP Vétérinaire');
insert into forme_juridique values(6577,'SCP de géomètres experts','SCP Géomètre');
insert into forme_juridique values(6578,'SCP d''architectes','SCP Architecte');
insert into forme_juridique values(6585,'Autre société civile professionnelle','SCP Autre');
insert into forme_juridique values(6589,'Société civile de moyens','SCM');
insert into forme_juridique values(6595,'Caisse locale de crédit mutuel','CLCM');
insert into forme_juridique values(6596,'Caisse de crédit agricole mutuel','CCAM');
insert into forme_juridique values(6597,'Société civile d''exploitation agricole','SCEA');
insert into forme_juridique values(6598,'Exploitation agricole à responsabilité limitée','EARL');
insert into forme_juridique values(6599,'Autre société civile','SC Autre');
insert into forme_juridique values(6901,'Autre personne de droit privé inscrite au registre du commerce et des sociétés','Personne DP Autre');
insert into forme_juridique values(7111,'Autorité constitutionnelle','Autorité Constitutionnelle');
insert into forme_juridique values(7112,'Autorité administrative ou publique indépendante','Autorité Administrative/Publique');
insert into forme_juridique values(7113,'Ministère','Ministère');
insert into forme_juridique values(7120,'Service central d''un ministère','Service Central');
insert into forme_juridique values(7150,'Service du ministère de la Défense','Service Ministère de la Défense');
insert into forme_juridique values(7160,'Service déconcentré à compétence nationale d''un ministère (hors Défense)','Service Nationale d''un ministère (hors Défense)');
insert into forme_juridique values(7171,'Service déconcentré de l''État à compétence (inter) régionale','Service inter-régional');
insert into forme_juridique values(7172,'Service déconcentré de l''État à compétence (inter) départementale','Service inter-départemental');
insert into forme_juridique values(7179,'(Autre) Service déconcentré de l''État à compétence territoriale','Service territorial');
insert into forme_juridique values(7190,'Ecole nationale non dotée de la personnalité morale','Ecole nationale non PM');
insert into forme_juridique values(7210,'Commune et commune nouvelle','Commune et commune nouvelle');
insert into forme_juridique values(7220,'Département','Departement');
insert into forme_juridique values(7225,'Collectivité et territoire d''Outre Mer','COM et DOM');
insert into forme_juridique values(7229,'(Autre) Collectivité territoriale','CT Autre');
insert into forme_juridique values(7230,'Région','Région');
insert into forme_juridique values(7312,'Commune associée et commune déléguée','Commune');
insert into forme_juridique values(7313,'Section de commune','Section de Commune');
insert into forme_juridique values(7314,'Ensemble urbain','Ensemble Urbain');
insert into forme_juridique values(7321,'Association syndicale autorisée','ASA');
insert into forme_juridique values(7322,'Association foncière urbaine','AFU');
insert into forme_juridique values(7323,'Association foncière de remembrement','AFR');
insert into forme_juridique values(7331,'Établissement public local d''enseignement','EPLE');
insert into forme_juridique values(7340,'Pôle métropolitain','Pôle Métropolitain');
insert into forme_juridique values(7341,'Secteur de commune','Secteur de Commune');
insert into forme_juridique values(7342,'District urbain','DU');
insert into forme_juridique values(7343,'Communauté urbaine','CU');
insert into forme_juridique values(7344,'Métropole','Métropole');
insert into forme_juridique values(7345,'Syndicat intercommunal à vocation multiple (SIVOM)','SIVOM');
insert into forme_juridique values(7346,'Communauté de communes','Communauté de Communes');
insert into forme_juridique values(7347,'Communauté de villes','Communauté de Villes');
insert into forme_juridique values(7348,'Communauté d''agglomération','Communauté d''Agglomérations');
insert into forme_juridique values(7349,'Autre établissement public local de coopération non spécialisé ou entente','EPL coop Autre');
insert into forme_juridique values(7351,'Institution interdépartementale ou entente','IID ou Entente');
insert into forme_juridique values(7352,'Institution interrégionale ou entente','IIR ou Entente');
insert into forme_juridique values(7353,'Syndicat intercommunal à vocation unique (SIVU)','SIVU');
insert into forme_juridique values(7354,'Syndicat mixte fermé','SMF');
insert into forme_juridique values(7355,'Syndicat mixte ouvert','SMO');
insert into forme_juridique values(7356,'Commission syndicale pour la gestion des biens indivis des communes','Commission Syndicale');
insert into forme_juridique values(7357,'Pôle d''équilibre territorial et rural (PETR)','PETR');
insert into forme_juridique values(7361,'Centre communal d''action sociale','CCAS');
insert into forme_juridique values(7362,'Caisse des écoles','Caisse des Ecoles');
insert into forme_juridique values(7363,'Caisse de crédit municipal','CCM');
insert into forme_juridique values(7364,'Établissement d''hospitalisation','ETS d''hospitalisation');
insert into forme_juridique values(7365,'Syndicat inter hospitalier','SIH');
insert into forme_juridique values(7366,'Établissement public local social et médico-social','EPLS et MS');
insert into forme_juridique values(7367,'Centre Intercommunal d''action sociale (CIAS)','CIAS');
insert into forme_juridique values(7371,'Office public d''habitation à loyer modéré (OPHLM)','OPHLM');
insert into forme_juridique values(7372,'Service départemental d''incendie et de secours (SDIS)','SDIS');
insert into forme_juridique values(7373,'Établissement public local culturel','EPLC');
insert into forme_juridique values(7378,'Régie d''une collectivité locale à caractère administratif','Régie CL');
insert into forme_juridique values(7379,'(Autre) Établissement public administratif local','EEPA Local Autre');
insert into forme_juridique values(7381,'Organisme consulaire','Organisme Consulaire');
insert into forme_juridique values(7382,'Établissement public national ayant fonction d''administration centrale','EPN');
insert into forme_juridique values(7383,'Établissement public national à caractère scientifique culturel et professionnel','EPN Scientifique');
insert into forme_juridique values(7384,'Autre établissement public national d''enseignement','EPN Enseignement');
insert into forme_juridique values(7385,'Autre établissement public national administratif à compétence territoriale limitée','EPN Administratif Autre');
insert into forme_juridique values(7389,'Établissement public national à caractère administratif','EPN Administratif');
insert into forme_juridique values(7410,'Groupement d''intérêt public (GIP)','GIP');
insert into forme_juridique values(7430,'Établissement public des cultes d''Alsace-Lorraine','EP d''Alsace Lorraine');
insert into forme_juridique values(7450,'Etablissement public administratif, cercle et foyer dans les armées','EPA');
insert into forme_juridique values(7470,'Groupement de coopération sanitaire à gestion publique','GCSGP');
insert into forme_juridique values(7490,'Autre personne morale de droit administratif','PM DA Autre');
insert into forme_juridique values(8110,'Régime général de la Sécurité Sociale','SS');
insert into forme_juridique values(8120,'Régime spécial de Sécurité Sociale','SS Régime Spécial');
insert into forme_juridique values(8130,'Institution de retraite complémentaire','IRC');
insert into forme_juridique values(8140,'Mutualité sociale agricole','MSA');
insert into forme_juridique values(8150,'Régime maladie des non-salariés non agricoles','SS non-agricoles');
insert into forme_juridique values(8160,'Régime vieillesse ne dépendant pas du régime général de la Sécurité Sociale','RV hors SS');
insert into forme_juridique values(8170,'Régime d''assurance chômage','RAC');
insert into forme_juridique values(8190,'Autre régime de prévoyance sociale','Regime Prévoyance Autre');
insert into forme_juridique values(8250,'Assurance mutuelle agricole','AMA');
insert into forme_juridique values(8290,'Autre organisme mutualiste','Organisme Mutualiste Autre');
insert into forme_juridique values(8310,'Comité social économique d’entreprise','CSE Entreprise');
insert into forme_juridique values(8311,'Comité social économique d''établissement','CSE Etablissement');
insert into forme_juridique values(8410,'Syndicat de salariés','Syndicat Salariés');
insert into forme_juridique values(8420,'Syndicat patronal','Syndicat Patronal');
insert into forme_juridique values(8450,'Ordre professionnel ou assimilé','Ordre RP');
insert into forme_juridique values(8470,'Centre technique industriel ou comité professionnel du développement économique','CTI');
insert into forme_juridique values(8490,'Autre organisme professionnel','OP Autre');
insert into forme_juridique values(8510,'Institution de prévoyance','IP');
insert into forme_juridique values(8520,'Institution de retraite supplémentaire','IRS');
insert into forme_juridique values(9110,'Syndicat de copropriété','Syndicat Copropriété');
insert into forme_juridique values(9150,'Association syndicale libre','ASL');
insert into forme_juridique values(9210,'Association non déclarée','Association non déclarée');
insert into forme_juridique values(9220,'Association déclarée','Association déclarée');
insert into forme_juridique values(9221,'Association déclarée d''insertion par l''économique','Association déclarée IE');
insert into forme_juridique values(9222,'Association intermédiaire','Association intermédiaire');
insert into forme_juridique values(9223,'Groupement d''employeurs','GE');
insert into forme_juridique values(9224,'Association d''avocats à responsabilité professionnelle individuelle','ARPI');
insert into forme_juridique values(9230,'Association déclarée, reconnue d''utilité publique','ADUP');
insert into forme_juridique values(9240,'Congrégation','Congrégation');
insert into forme_juridique values(9260,'Association de droit local (Bas-Rhin, Haut-Rhin et Moselle)','Association DL (Bas-Rhin)');
insert into forme_juridique values(9300,'Fondation','Fondation');
insert into forme_juridique values(9900,'Autre personne morale de droit privé','PM DP Autre');
insert into forme_juridique values(9970,'Groupement de coopération sanitaire à gestion privée','Groupement coop sanitaire');
insert into forme_juridique values(9999,'Plateforme collaborative','Plateforme collaborative');
delete from Forme_Sociale;
insert into Forme_Sociale(code,label) values ('0','Non Applicable');
insert into Forme_Sociale(code,label) values ('1','sans affiliation sociale');
insert into Forme_Sociale(code,label) values ('2','Avec affiliation sociale  de l''entrepreneur individuel (et éventuellement de son conjoint)');
insert into Forme_Sociale(code,label) values ('3','Avec affiliation sociale de l''un des dirigeants (et éventuellement de son conjoint)');
delete from Genre;
insert into Genre(code,label) values ('1','M');
insert into Genre(code,label) values ('2','F');
delete from Jeune_Agriculteur;
insert into Jeune_Agriculteur(code,label) values ('O','Oui');
insert into Jeune_Agriculteur(code,label) values ('N','Non');
insert into Jeune_Agriculteur(code,label) values ('D','Demande de dotation jeune agriculteur en cours');
delete from Lieu_De_Liquidation;
insert into Lieu_De_Liquidation(code,label) values ('S','Siège');
insert into Lieu_De_Liquidation(code,label) values ('L','Adresse du liquidateur');
insert into Lieu_De_Liquidation(code,label) values ('A','Autre adresse');
delete from Mineur_Lien_Parente;
insert into Mineur_Lien_Parente(code,label) values ('4','Enfant');
insert into Mineur_Lien_Parente(code,label) values ('5','Descendant (petits enfants ...)');
insert into Mineur_Lien_Parente(code,label) values ('6','Collatéral (frères et soeurs)');
insert into Mineur_Lien_Parente(code,label) values ('8','Aide familiale non rémunérée');
insert into Mineur_Lien_Parente(code,label) values ('9','Associé d''exploitation agricole');
delete from Mineur_Nationalite;
insert into Mineur_Nationalite(code,label) values ('AF','Afghanistan');
insert into Mineur_Nationalite(code,label) values ('AX','Åland Islands');
insert into Mineur_Nationalite(code,label) values ('AL','Albania');
insert into Mineur_Nationalite(code,label) values ('DZ','Algeria');
insert into Mineur_Nationalite(code,label) values ('AS','American Samoa');
insert into Mineur_Nationalite(code,label) values ('AD','Andorra');
insert into Mineur_Nationalite(code,label) values ('AO','Angola');
insert into Mineur_Nationalite(code,label) values ('AI','Anguilla');
insert into Mineur_Nationalite(code,label) values ('AQ','Antarctica');
insert into Mineur_Nationalite(code,label) values ('AG','Antigua & Barbuda');
insert into Mineur_Nationalite(code,label) values ('AR','Argentina');
insert into Mineur_Nationalite(code,label) values ('AM','Armenia');
insert into Mineur_Nationalite(code,label) values ('AW','Aruba');
insert into Mineur_Nationalite(code,label) values ('AU','Australia');
insert into Mineur_Nationalite(code,label) values ('AT','Austria');
insert into Mineur_Nationalite(code,label) values ('AZ','Azerbaijan');
insert into Mineur_Nationalite(code,label) values ('BS','Bahamas');
insert into Mineur_Nationalite(code,label) values ('BH','Bahrain');
insert into Mineur_Nationalite(code,label) values ('BD','Bangladesh');
insert into Mineur_Nationalite(code,label) values ('BB','Barbados');
insert into Mineur_Nationalite(code,label) values ('BY','Belarus');
insert into Mineur_Nationalite(code,label) values ('BE','Belgium');
insert into Mineur_Nationalite(code,label) values ('BZ','Belize');
insert into Mineur_Nationalite(code,label) values ('BJ','Benin');
insert into Mineur_Nationalite(code,label) values ('BM','Bermuda');
insert into Mineur_Nationalite(code,label) values ('BT','Bhutan');
insert into Mineur_Nationalite(code,label) values ('BO','Bolivia');
insert into Mineur_Nationalite(code,label) values ('BA','Bosnia & Herzegovina');
insert into Mineur_Nationalite(code,label) values ('BW','Botswana');
insert into Mineur_Nationalite(code,label) values ('BV','Bouvet Island');
insert into Mineur_Nationalite(code,label) values ('BR','Brazil');
insert into Mineur_Nationalite(code,label) values ('IO','British Indian Ocean Territory');
insert into Mineur_Nationalite(code,label) values ('VG','British Virgin Islands');
insert into Mineur_Nationalite(code,label) values ('BN','Brunei');
insert into Mineur_Nationalite(code,label) values ('BG','Bulgaria');
insert into Mineur_Nationalite(code,label) values ('BF','Burkina Faso');
insert into Mineur_Nationalite(code,label) values ('BI','Burundi');
insert into Mineur_Nationalite(code,label) values ('KH','Cambodia');
insert into Mineur_Nationalite(code,label) values ('CM','Cameroon');
insert into Mineur_Nationalite(code,label) values ('CA','Canada');
insert into Mineur_Nationalite(code,label) values ('CV','Cape Verde');
insert into Mineur_Nationalite(code,label) values ('BQ','Caribbean Netherlands');
insert into Mineur_Nationalite(code,label) values ('KY','Cayman Islands');
insert into Mineur_Nationalite(code,label) values ('CF','Central African Republic');
insert into Mineur_Nationalite(code,label) values ('TD','Chad');
insert into Mineur_Nationalite(code,label) values ('CL','Chile');
insert into Mineur_Nationalite(code,label) values ('CN','China');
insert into Mineur_Nationalite(code,label) values ('CX','Christmas Island');
insert into Mineur_Nationalite(code,label) values ('CC','Cocos (Keeling) Islands');
insert into Mineur_Nationalite(code,label) values ('CO','Colombia');
insert into Mineur_Nationalite(code,label) values ('KM','Comoros');
insert into Mineur_Nationalite(code,label) values ('CG','Congo - Brazzaville');
insert into Mineur_Nationalite(code,label) values ('CD','Congo - Kinshasa');
insert into Mineur_Nationalite(code,label) values ('CK','Cook Islands');
insert into Mineur_Nationalite(code,label) values ('CR','Costa Rica');
insert into Mineur_Nationalite(code,label) values ('CI','Côte d’Ivoire');
insert into Mineur_Nationalite(code,label) values ('HR','Croatia');
insert into Mineur_Nationalite(code,label) values ('CU','Cuba');
insert into Mineur_Nationalite(code,label) values ('CW','Curaçao');
insert into Mineur_Nationalite(code,label) values ('CY','Cyprus');
insert into Mineur_Nationalite(code,label) values ('CZ','Czechia');
insert into Mineur_Nationalite(code,label) values ('DK','Denmark');
insert into Mineur_Nationalite(code,label) values ('DJ','Djibouti');
insert into Mineur_Nationalite(code,label) values ('DM','Dominica');
insert into Mineur_Nationalite(code,label) values ('DO','Dominican Republic');
insert into Mineur_Nationalite(code,label) values ('EC','Ecuador');
insert into Mineur_Nationalite(code,label) values ('EG','Egypt');
insert into Mineur_Nationalite(code,label) values ('SV','El Salvador');
insert into Mineur_Nationalite(code,label) values ('GQ','Equatorial Guinea');
insert into Mineur_Nationalite(code,label) values ('ER','Eritrea');
insert into Mineur_Nationalite(code,label) values ('EE','Estonia');
insert into Mineur_Nationalite(code,label) values ('SZ','Eswatini');
insert into Mineur_Nationalite(code,label) values ('ET','Ethiopia');
insert into Mineur_Nationalite(code,label) values ('FK','Falkland Islands');
insert into Mineur_Nationalite(code,label) values ('FO','Faroe Islands');
insert into Mineur_Nationalite(code,label) values ('FJ','Fiji');
insert into Mineur_Nationalite(code,label) values ('FI','Finland');
insert into Mineur_Nationalite(code,label) values ('FR','France');
insert into Mineur_Nationalite(code,label) values ('GA','Gabon');
insert into Mineur_Nationalite(code,label) values ('GM','Gambia');
insert into Mineur_Nationalite(code,label) values ('GE','Georgia');
insert into Mineur_Nationalite(code,label) values ('DE','Germany');
insert into Mineur_Nationalite(code,label) values ('GH','Ghana');
insert into Mineur_Nationalite(code,label) values ('GI','Gibraltar');
insert into Mineur_Nationalite(code,label) values ('GR','Greece');
insert into Mineur_Nationalite(code,label) values ('GL','Greenland');
insert into Mineur_Nationalite(code,label) values ('GD','Grenada');
insert into Mineur_Nationalite(code,label) values ('GU','Guam');
insert into Mineur_Nationalite(code,label) values ('GT','Guatemala');
insert into Mineur_Nationalite(code,label) values ('GG','Guernsey');
insert into Mineur_Nationalite(code,label) values ('GN','Guinea');
insert into Mineur_Nationalite(code,label) values ('GW','Guinea-Bissau');
insert into Mineur_Nationalite(code,label) values ('GY','Guyana');
insert into Mineur_Nationalite(code,label) values ('HT','Haiti');
insert into Mineur_Nationalite(code,label) values ('HM','Heard & McDonald Islands');
insert into Mineur_Nationalite(code,label) values ('HN','Honduras');
insert into Mineur_Nationalite(code,label) values ('HK','Hong Kong SAR China');
insert into Mineur_Nationalite(code,label) values ('HU','Hungary');
insert into Mineur_Nationalite(code,label) values ('IS','Iceland');
insert into Mineur_Nationalite(code,label) values ('IN','India');
insert into Mineur_Nationalite(code,label) values ('ID','Indonesia');
insert into Mineur_Nationalite(code,label) values ('IR','Iran');
insert into Mineur_Nationalite(code,label) values ('IQ','Iraq');
insert into Mineur_Nationalite(code,label) values ('IE','Ireland');
insert into Mineur_Nationalite(code,label) values ('IM','Isle of Man');
insert into Mineur_Nationalite(code,label) values ('IL','Israel');
insert into Mineur_Nationalite(code,label) values ('IT','Italy');
insert into Mineur_Nationalite(code,label) values ('JM','Jamaica');
insert into Mineur_Nationalite(code,label) values ('JP','Japan');
insert into Mineur_Nationalite(code,label) values ('JE','Jersey');
insert into Mineur_Nationalite(code,label) values ('JO','Jordan');
insert into Mineur_Nationalite(code,label) values ('KZ','Kazakhstan');
insert into Mineur_Nationalite(code,label) values ('KE','Kenya');
insert into Mineur_Nationalite(code,label) values ('KI','Kiribati');
insert into Mineur_Nationalite(code,label) values ('KW','Kuwait');
insert into Mineur_Nationalite(code,label) values ('KG','Kyrgyzstan');
insert into Mineur_Nationalite(code,label) values ('LA','Laos');
insert into Mineur_Nationalite(code,label) values ('LV','Latvia');
insert into Mineur_Nationalite(code,label) values ('LB','Lebanon');
insert into Mineur_Nationalite(code,label) values ('LS','Lesotho');
insert into Mineur_Nationalite(code,label) values ('LR','Liberia');
insert into Mineur_Nationalite(code,label) values ('LY','Libya');
insert into Mineur_Nationalite(code,label) values ('LI','Liechtenstein');
insert into Mineur_Nationalite(code,label) values ('LT','Lithuania');
insert into Mineur_Nationalite(code,label) values ('LU','Luxembourg');
insert into Mineur_Nationalite(code,label) values ('MO','Macao SAR China');
insert into Mineur_Nationalite(code,label) values ('MG','Madagascar');
insert into Mineur_Nationalite(code,label) values ('MW','Malawi');
insert into Mineur_Nationalite(code,label) values ('MY','Malaysia');
insert into Mineur_Nationalite(code,label) values ('MV','Maldives');
insert into Mineur_Nationalite(code,label) values ('ML','Mali');
insert into Mineur_Nationalite(code,label) values ('MT','Malta');
insert into Mineur_Nationalite(code,label) values ('MH','Marshall Islands');
insert into Mineur_Nationalite(code,label) values ('MR','Mauritania');
insert into Mineur_Nationalite(code,label) values ('MU','Mauritius');
insert into Mineur_Nationalite(code,label) values ('MX','Mexico');
insert into Mineur_Nationalite(code,label) values ('FM','Micronesia');
insert into Mineur_Nationalite(code,label) values ('MD','Moldova');
insert into Mineur_Nationalite(code,label) values ('MC','Monaco');
insert into Mineur_Nationalite(code,label) values ('MN','Mongolia');
insert into Mineur_Nationalite(code,label) values ('ME','Montenegro');
insert into Mineur_Nationalite(code,label) values ('MS','Montserrat');
insert into Mineur_Nationalite(code,label) values ('MA','Morocco');
insert into Mineur_Nationalite(code,label) values ('MZ','Mozambique');
insert into Mineur_Nationalite(code,label) values ('MM','Myanmar (Burma)');
insert into Mineur_Nationalite(code,label) values ('NA','Namibia');
insert into Mineur_Nationalite(code,label) values ('NR','Nauru');
insert into Mineur_Nationalite(code,label) values ('NP','Nepal');
insert into Mineur_Nationalite(code,label) values ('NL','Netherlands');
insert into Mineur_Nationalite(code,label) values ('NZ','New Zealand');
insert into Mineur_Nationalite(code,label) values ('NI','Nicaragua');
insert into Mineur_Nationalite(code,label) values ('NE','Niger');
insert into Mineur_Nationalite(code,label) values ('NG','Nigeria');
insert into Mineur_Nationalite(code,label) values ('NU','Niue');
insert into Mineur_Nationalite(code,label) values ('NF','Norfolk Island');
insert into Mineur_Nationalite(code,label) values ('KP','North Korea');
insert into Mineur_Nationalite(code,label) values ('MK','North Macedonia');
insert into Mineur_Nationalite(code,label) values ('MP','Northern Mariana Islands');
insert into Mineur_Nationalite(code,label) values ('NO','Norway');
insert into Mineur_Nationalite(code,label) values ('OM','Oman');
insert into Mineur_Nationalite(code,label) values ('PK','Pakistan');
insert into Mineur_Nationalite(code,label) values ('PW','Palau');
insert into Mineur_Nationalite(code,label) values ('PS','Palestinian Territories');
insert into Mineur_Nationalite(code,label) values ('PA','Panama');
insert into Mineur_Nationalite(code,label) values ('PG','Papua New Guinea');
insert into Mineur_Nationalite(code,label) values ('PY','Paraguay');
insert into Mineur_Nationalite(code,label) values ('PE','Peru');
insert into Mineur_Nationalite(code,label) values ('PH','Philippines');
insert into Mineur_Nationalite(code,label) values ('PN','Pitcairn Islands');
insert into Mineur_Nationalite(code,label) values ('PL','Poland');
insert into Mineur_Nationalite(code,label) values ('PT','Portugal');
insert into Mineur_Nationalite(code,label) values ('PR','Puerto Rico');
insert into Mineur_Nationalite(code,label) values ('QA','Qatar');
insert into Mineur_Nationalite(code,label) values ('RO','Romania');
insert into Mineur_Nationalite(code,label) values ('RU','Russia');
insert into Mineur_Nationalite(code,label) values ('RW','Rwanda');
insert into Mineur_Nationalite(code,label) values ('WS','Samoa');
insert into Mineur_Nationalite(code,label) values ('SM','San Marino');
insert into Mineur_Nationalite(code,label) values ('ST','São Tomé & Príncipe');
insert into Mineur_Nationalite(code,label) values ('SA','Saudi Arabia');
insert into Mineur_Nationalite(code,label) values ('SN','Senegal');
insert into Mineur_Nationalite(code,label) values ('RS','Serbia');
insert into Mineur_Nationalite(code,label) values ('SC','Seychelles');
insert into Mineur_Nationalite(code,label) values ('SL','Sierra Leone');
insert into Mineur_Nationalite(code,label) values ('SG','Singapore');
insert into Mineur_Nationalite(code,label) values ('SX','Sint Maarten');
insert into Mineur_Nationalite(code,label) values ('SK','Slovakia');
insert into Mineur_Nationalite(code,label) values ('SI','Slovenia');
insert into Mineur_Nationalite(code,label) values ('SB','Solomon Islands');
insert into Mineur_Nationalite(code,label) values ('SO','Somalia');
insert into Mineur_Nationalite(code,label) values ('ZA','South Africa');
insert into Mineur_Nationalite(code,label) values ('GS','South Georgia & South Sandwich Islands');
insert into Mineur_Nationalite(code,label) values ('KR','South Korea');
insert into Mineur_Nationalite(code,label) values ('SS','South Sudan');
insert into Mineur_Nationalite(code,label) values ('ES','Spain');
insert into Mineur_Nationalite(code,label) values ('LK','Sri Lanka');
insert into Mineur_Nationalite(code,label) values ('SH','St. Helena');
insert into Mineur_Nationalite(code,label) values ('KN','St. Kitts & Nevis');
insert into Mineur_Nationalite(code,label) values ('LC','St. Lucia');
insert into Mineur_Nationalite(code,label) values ('MF','St. Martin');
insert into Mineur_Nationalite(code,label) values ('VC','St. Vincent & Grenadines');
insert into Mineur_Nationalite(code,label) values ('SD','Sudan');
insert into Mineur_Nationalite(code,label) values ('SR','Suriname');
insert into Mineur_Nationalite(code,label) values ('SJ','Svalbard & Jan Mayen');
insert into Mineur_Nationalite(code,label) values ('SE','Sweden');
insert into Mineur_Nationalite(code,label) values ('CH','Switzerland');
insert into Mineur_Nationalite(code,label) values ('SY','Syria');
insert into Mineur_Nationalite(code,label) values ('TW','Taiwan');
insert into Mineur_Nationalite(code,label) values ('TJ','Tajikistan');
insert into Mineur_Nationalite(code,label) values ('TZ','Tanzania');
insert into Mineur_Nationalite(code,label) values ('TH','Thailand');
insert into Mineur_Nationalite(code,label) values ('TL','Timor-Leste');
insert into Mineur_Nationalite(code,label) values ('TG','Togo');
insert into Mineur_Nationalite(code,label) values ('TK','Tokelau');
insert into Mineur_Nationalite(code,label) values ('TO','Tonga');
insert into Mineur_Nationalite(code,label) values ('TT','Trinidad & Tobago');
insert into Mineur_Nationalite(code,label) values ('TN','Tunisia');
insert into Mineur_Nationalite(code,label) values ('TR','Turkey');
insert into Mineur_Nationalite(code,label) values ('TM','Turkmenistan');
insert into Mineur_Nationalite(code,label) values ('TC','Turks & Caicos Islands');
insert into Mineur_Nationalite(code,label) values ('TV','Tuvalu');
insert into Mineur_Nationalite(code,label) values ('UM','U.S. Outlying Islands');
insert into Mineur_Nationalite(code,label) values ('VI','U.S. Virgin Islands');
insert into Mineur_Nationalite(code,label) values ('UG','Uganda');
insert into Mineur_Nationalite(code,label) values ('UA','Ukraine');
insert into Mineur_Nationalite(code,label) values ('AE','United Arab Emirates');
insert into Mineur_Nationalite(code,label) values ('GB','United Kingdom');
insert into Mineur_Nationalite(code,label) values ('US','United States');
insert into Mineur_Nationalite(code,label) values ('UY','Uruguay');
insert into Mineur_Nationalite(code,label) values ('UZ','Uzbekistan');
insert into Mineur_Nationalite(code,label) values ('VU','Vanuatu');
insert into Mineur_Nationalite(code,label) values ('VA','Vatican City');
insert into Mineur_Nationalite(code,label) values ('VE','Venezuela');
insert into Mineur_Nationalite(code,label) values ('VN','Vietnam');
insert into Mineur_Nationalite(code,label) values ('EH','Western Sahara');
insert into Mineur_Nationalite(code,label) values ('YE','Yemen');
insert into Mineur_Nationalite(code,label) values ('ZM','Zambia');
insert into Mineur_Nationalite(code,label) values ('ZW','Zimbabwe');
delete from Mineur_Sexe;
insert into Mineur_Sexe(code,label) values ('0','NA');
insert into Mineur_Sexe(code,label) values ('1','M');
insert into Mineur_Sexe(code,label) values ('2','F');
delete from Modalites_De_Controle;
insert into Modalites_De_Controle(code,label) values ('0','A défaut de choix de l''une des options figurant ci-dessus, le bénéficiaire effectif est le représentant légal de la société');
insert into Modalites_De_Controle(code,label) values ('1','Détention de plus de 25% du capital ou du droit de vote');
insert into Modalites_De_Controle(code,label) values ('2','Exercice par tout autre moyen d''un pouvoir de contrôle');
insert into Modalites_De_Controle(code,label) values ('3','Titulaire de plus de 25% du capital');
insert into Modalites_De_Controle(code,label) values ('4','Vocation par l’effet d’un acte juridique à devenir titulaire de plus de 25% du capital ');
insert into Modalites_De_Controle(code,label) values ('5','Détention du pouvoir de nommer ou de révoquer la majorité des membres des organes d’administration de direction ou de surveillance de la PM');
insert into Modalites_De_Controle(code,label) values ('6','Exercice par d’autres moyens d’un pouvoir de contrôle sur les organes d’administration de direction ou de surveillance de la PM');
delete from Mode_Exercice;
insert into Mode_Exercice(code,label) values ('EARL','EARL');
insert into Mode_Exercice(code,label) values ('EURL_SARL_UNIPERSONNELLE','EURL / SARL unipersonnelle');
insert into Mode_Exercice(code,label) values ('FORME_JURIDIQUE_CIVILE','Forme juridique civile');
insert into Mode_Exercice(code,label) values ('FORME_JURIDIQUE_COMMERCIALE','Forme juridique commerciale');
insert into Mode_Exercice(code,label) values ('GAEC','GAEC');
insert into Mode_Exercice(code,label) values ('GFA','GFA');
insert into Mode_Exercice(code,label) values ('GIE_GIEE','GIE/GIEE');
insert into Mode_Exercice(code,label) values ('SA_SE','SA/SE');
insert into Mode_Exercice(code,label) values ('SARL','SARL');
insert into Mode_Exercice(code,label) values ('SAS','SAS');
insert into Mode_Exercice(code,label) values ('SASU','SASU');
insert into Mode_Exercice(code,label) values ('SCARL','SCARL');
insert into Mode_Exercice(code,label) values ('SCI','SCI');
insert into Mode_Exercice(code,label) values ('SELACAS','SELACAS');
insert into Mode_Exercice(code,label) values ('SELAFA','SELAFA');
insert into Mode_Exercice(code,label) values ('SELARL','SELARL');
insert into Mode_Exercice(code,label) values ('SELCA_SELAS','SELCA/SELAS');
insert into Mode_Exercice(code,label) values ('SNC','SNC');
insert into Mode_Exercice(code,label) values ('SOCIETE_CIVILE_AGRICOLE_UNIPERSONELLE_EARL','Société civile agricole unipersonelle : EARL');
insert into Mode_Exercice(code,label) values ('SOCIETE_COMMERCIALE_UNIPERSONNELLE_EURL_SARL_UNIPERSONNELLE','Société commerciale unipersonnelle : EURL / SARL unipersonnelle');
insert into Mode_Exercice(code,label) values ('SOCIETE_EN_COMMANDITE','Société en commandite');
insert into Mode_Exercice(code,label) values ('TOUTE_FORME_JURIDIQUE_SOCIETE_ETRANGERE','Toute forme juridique Société étrangère');
insert into Mode_Exercice(code,label) values ('TOUTES_FORMES_DE_SOCIETES_CIVILES','Toutes formes de sociétés civiles');
insert into Mode_Exercice(code,label) values ('TOUTES_FORMES_DE_SOCIETES_COMMERCIALES_NON_UNIPERSONNELLE','Toutes formes de sociétés commerciales non unipersonnelle');
insert into Mode_Exercice(code,label) values ('EIRL','EIRL');
insert into Mode_Exercice(code,label) values ('ENTREPRENEUR_INDIVIDUEL','Entrepreneur individuel');
delete from Motif_Cessation;
insert into Motif_Cessation(code,label) values ('1','Cessation temporaire');
insert into Motif_Cessation(code,label) values ('2','Cessation avec poursuite');
insert into Motif_Cessation(code,label) values ('3','Demande de prolongation du maintien provisoire');
insert into Motif_Cessation(code,label) values ('4','Cessation totale de l''activite salariée');
insert into Motif_Cessation(code,label) values ('5','Cessation totale d''activité avec maintien provisoire');
insert into Motif_Cessation(code,label) values ('6','Cessation d''activité agricole avec mise en location des terres');
insert into Motif_Cessation(code,label) values ('7','Cessation d''activité agricole avec conservation stock ou cheptel');
insert into Motif_Cessation(code,label) values ('8','Cessation d''activité agricole avec exploitation de subsistance');
insert into Motif_Cessation(code,label) values ('9','Dissolution');
insert into Motif_Cessation(code,label) values ('10','Demande de prorogation de l''inscription RCS');
insert into Motif_Cessation(code,label) values ('11','Dissolution sans liquidation');
insert into Motif_Cessation(code,label) values ('12','Radiation de l''entreprise suite à fusion');
insert into Motif_Cessation(code,label) values ('13','Disparition de l''entreprise');
insert into Motif_Cessation(code,label) values ('14','Fin de l''exploitation');
delete from Motif_Disparition;
insert into Motif_Disparition(code,label) values ('1','Fusion');
insert into Motif_Disparition(code,label) values ('2','Scission');
insert into Motif_Disparition(code,label) values ('3','Clotûre de la cessation (si la cessation provient des registres)');
delete from Motif_Fin_Eirl;
insert into Motif_Fin_Eirl(code,label) values ('1','Renonciation à l’affectation de patrimoine avec poursuite d’activité');
insert into Motif_Fin_Eirl(code,label) values ('2','Renonciation à l’affectation de patrimoine sans poursuite d’activité patrimoine sans poursuite d’activité');
insert into Motif_Fin_Eirl(code,label) values ('3','Cession ou transmission pers phys');
insert into Motif_Fin_Eirl(code,label) values ('4','Cession ou apport pers mor');
delete from Nature_Cessation;
insert into Nature_Cessation(code,label) values ('1','Entreprise');
insert into Nature_Cessation(code,label) values ('2','Etablissement');
delete from Nature_Des_Activite;
insert into Nature_Des_Activite(code,label) values ('CIVIL','CIVIL');
insert into Nature_Des_Activite(code,label) values ('COMMERCIAL','COMMERCIAL');
delete from Nature_Domaine;
insert into Nature_Domaine(code,label) values ('1','Entreprise');
insert into Nature_Domaine(code,label) values ('2','Etablissement');
delete from Nature_Gerance;
insert into Nature_Gerance(code,label) values ('1','Majoritaire');
insert into Nature_Gerance(code,label) values ('3','Minoritaire ou égalitaire, société associée');
insert into Nature_Gerance(code,label) values ('4','Minoritaire ou égalitaire, sans société associée');
insert into Nature_Gerance(code,label) values ('5','Gérance non associée, société associée');
insert into Nature_Gerance(code,label) values ('6','Gérance non associée, sans société associée');
delete from Nature_Volet_Social;
insert into Nature_Volet_Social(code,label) values ('TNS','TNS');
insert into Nature_Volet_Social(code,label) values ('NSP','NSP');
delete from Option_Eirl;
insert into Option_Eirl(code,label) values ('O','Création');
insert into Option_Eirl(code,label) values ('M','Modification');
insert into Option_Eirl(code,label) values ('R','Reprise');
insert into Option_Eirl(code,label) values ('S','Suppression');
delete from optionjqpa;
insert into optionjqpa(code,label) values ('1','Personne qualifiée');
insert into optionjqpa(code,label) values ('2','Engagement à recruter');
insert into optionjqpa(code,label) values ('4','Aucun JQPA pour cette activité');
delete from Option_Particuliere_Regime_Benefi;
insert into Option_Particuliere_Regime_Benefi(code,label) values ('210','Option pour la tenue d''une comptablité créances/dettes');
insert into Option_Particuliere_Regime_Benefi(code,label) values ('211','Option pour l''assujettissement à l''IS');
insert into Option_Particuliere_Regime_Benefi(code,label) values ('212','Régime des sociétés de personnes');
delete from Organisme_Assurance_Maladie_Actue;
insert into Organisme_Assurance_Maladie_Actue(code,label) values ('R','Régime général');
insert into Organisme_Assurance_Maladie_Actue(code,label) values ('A','Agricole');
insert into Organisme_Assurance_Maladie_Actue(code,label) values ('E','ENIM');
insert into Organisme_Assurance_Maladie_Actue(code,label) values ('N','Non salarié non agricole');
insert into Organisme_Assurance_Maladie_Actue(code,label) values ('X','Autre');
delete from Origine_Fusion_Scission;
insert into Origine_Fusion_Scission(code,label) values ('1','Fusion');
insert into Origine_Fusion_Scission(code,label) values ('2','Scission');
delete from Perimetre;
insert into Perimetre(code,label) values ('1','Entreprise');
insert into Perimetre(code,label) values ('2','Etablissement');
delete from Periodicite_Et_Options_Particulie;
insert into Periodicite_Et_Options_Particulie(code,label) values ('410','Option pour le dépôt de déclarations trimestrielles si TVA estimée inférieure à un plafond de 4000€/an');
insert into Periodicite_Et_Options_Particulie(code,label) values ('411','Assujettissement à la TVA en cas d''opérations imposables sur option');
insert into Periodicite_Et_Options_Particulie(code,label) values ('414','Option volontaire pour assujettissement sur l''ensemble des opérations');
insert into Periodicite_Et_Options_Particulie(code,label) values ('416','Bailleurs de biens ruraux');
insert into Periodicite_Et_Options_Particulie(code,label) values ('420','Option pour le dépôt trimestriel et assujettissement sur opérations imposables');
delete from Periodicite_Versement;
insert into Periodicite_Versement(code,label) values ('M','Mensuel');
insert into Periodicite_Versement(code,label) values ('T','Trimestriel');
delete from Precision_Activite;
insert into Precision_Activite(code,label) values ('04','Fabrication, production');
insert into Precision_Activite(code,label) values ('09','Commerce de gros');
insert into Precision_Activite(code,label) values ('10','Commerce de détail en magasin');
insert into Precision_Activite(code,label) values ('16','Commerce de détail sur marché');
insert into Precision_Activite(code,label) values ('17','Commerce de détail sur internet');
insert into Precision_Activite(code,label) values ('14','Bâtiment, travaux publics');
insert into Precision_Activite(code,label) values ('20','Location de logements33');
insert into Precision_Activite(code,label) values ('21','Location de terrains et autres biens immobiliers');
insert into Precision_Activite(code,label) values ('22','Promotion immobilière de bureaux');
insert into Precision_Activite(code,label) values ('23','Promotion immobilière de logements');
insert into Precision_Activite(code,label) values ('24','Promotion immobilière d’autres bâtiments');
insert into Precision_Activite(code,label) values ('25','Réalisation de programme de construction');
insert into Precision_Activite(code,label) values ('26','Support de patrimoine familial immobilier sans activité de location');
insert into Precision_Activite(code,label) values ('99','Autre');
delete from Qualite_De_Non_Sedentarite;
insert into Qualite_De_Non_Sedentarite(code,label) values ('F','Forain');
insert into Qualite_De_Non_Sedentarite(code,label) values ('A','Ambulant, non sédentaire');
insert into Qualite_De_Non_Sedentarite(code,label) values ('E','Ambulant ressortissant UE hors France');
delete from Qualite_Non_Sedentaire;
insert into Qualite_Non_Sedentaire(code,label) values ('F','Forain');
insert into Qualite_Non_Sedentaire(code,label) values ('A','Ambulant, non sédentaire');
insert into Qualite_Non_Sedentaire(code,label) values ('E','Ambulant ressortissant UE hors France');
delete from Regime_Imposition_Benefices;
insert into Regime_Imposition_Benefices(code,label) values ('110','Régime spécial BNC');
insert into Regime_Imposition_Benefices(code,label) values ('111','Déclaration contrôlée BNC');
insert into Regime_Imposition_Benefices(code,label) values ('112','Réel simplifié BIC');
insert into Regime_Imposition_Benefices(code,label) values ('113','Réel normal BIC');
insert into Regime_Imposition_Benefices(code,label) values ('114','Réel simplifié IS');
insert into Regime_Imposition_Benefices(code,label) values ('115','Réel normal IS');
insert into Regime_Imposition_Benefices(code,label) values ('116','Micro BIC');
insert into Regime_Imposition_Benefices(code,label) values ('117','Micro BA');
insert into Regime_Imposition_Benefices(code,label) values ('118','Régime réel simplifié BA');
insert into Regime_Imposition_Benefices(code,label) values ('119','Régime réel normal BA');
insert into Regime_Imposition_Benefices(code,label) values ('120','Revenu foncier');
delete from Regime_Imposition_Benefices2;
insert into Regime_Imposition_Benefices2(code,label) values ('110','Régime spécial BNC');
insert into Regime_Imposition_Benefices2(code,label) values ('111','Déclaration contrôlée BNC');
insert into Regime_Imposition_Benefices2(code,label) values ('112','Réel simplifié BIC');
insert into Regime_Imposition_Benefices2(code,label) values ('113','Réel normal BIC');
insert into Regime_Imposition_Benefices2(code,label) values ('114','Réel simplifié IS');
insert into Regime_Imposition_Benefices2(code,label) values ('115','Réel normal IS');
insert into Regime_Imposition_Benefices2(code,label) values ('116','Micro BIC');
insert into Regime_Imposition_Benefices2(code,label) values ('117','Micro BA');
insert into Regime_Imposition_Benefices2(code,label) values ('118','Régime réel simplifié BA');
insert into Regime_Imposition_Benefices2(code,label) values ('119','Régime réel normal BA');
insert into Regime_Imposition_Benefices2(code,label) values ('120','Revenu foncier');
delete from regime_impositionTVA;
insert into regime_impositionTVA(code,label) values ('310','Franchise en base TVA');
insert into regime_impositionTVA(code,label) values ('311','Réel simplifié TVA');
insert into regime_impositionTVA(code,label) values ('312','Réel normal TVA');
insert into regime_impositionTVA(code,label) values ('313','Mini réel TVA');
insert into regime_impositionTVA(code,label) values ('314','Remboursement forfait agricole');
insert into regime_impositionTVA(code,label) values ('315','Imposition obligatoire à la TVA (régime simplifié agricole)');
delete from Registre_Eirl;
insert into Registre_Eirl(code,label) values ('1','RCS');
insert into Registre_Eirl(code,label) values ('2','RM');
insert into Registre_Eirl(code,label) values ('3','RSEIRL');
insert into Registre_Eirl(code,label) values ('4','RSAC');
insert into Registre_Eirl(code,label) values ('5','RA');
delete from Registre_Eirl_De_Lancienne_Eirl;
insert into Registre_Eirl_De_Lancienne_Eirl(code,label) values ('1','RCS');
insert into Registre_Eirl_De_Lancienne_Eirl(code,label) values ('2','RM');
insert into Registre_Eirl_De_Lancienne_Eirl(code,label) values ('3','RSEIRL');
insert into Registre_Eirl_De_Lancienne_Eirl(code,label) values ('4','RSAC');
insert into Registre_Eirl_De_Lancienne_Eirl(code,label) values ('5','RA');
delete from Role;
insert into Role(code,label) values ('11','Membre');
insert into Role(code,label) values ('13','Contrôleur de gestion');
insert into Role(code,label) values ('14','Contrôleur des comptes');
insert into Role(code,label) values ('23','Autre associé majoritaire');
insert into Role(code,label) values ('28','Gérant et associé indéfiniment et solidairement responsable');
insert into Role(code,label) values ('29','Gérant et associé indéfiniment responsable');
insert into Role(code,label) values ('30','Gérant');
insert into Role(code,label) values ('40','Liquidateur');
insert into Role(code,label) values ('41','Associé unique (qui participe à l’activité EURL)');
insert into Role(code,label) values ('51','Président du conseil d’administration');
insert into Role(code,label) values ('52','Président du directoire');
insert into Role(code,label) values ('53','Directeur Général');
insert into Role(code,label) values ('55','Dirigeant à l’étranger d’une personne morale étrangère');
insert into Role(code,label) values ('56','Dirigeant en France d’une personne morale étrangère');
insert into Role(code,label) values ('60','Président du conseil d’administration et directeur général');
insert into Role(code,label) values ('61','Président du conseil de surveillance');
insert into Role(code,label) values ('63','Membre du directoire');
insert into Role(code,label) values ('64','Membre du conseil de surveillance');
insert into Role(code,label) values ('65','Administrateur');
insert into Role(code,label) values ('66','Personne ayant le pouvoir d’engager à titre habituel la société');
insert into Role(code,label) values ('69','Directeur général unique de SA à directoire');
insert into Role(code,label) values ('70','Directeur général délégué');
insert into Role(code,label) values ('71','Commissaire aux comptes titulaire');
insert into Role(code,label) values ('72','Commissaire aux comptes suppléant');
insert into Role(code,label) values ('73','Président de SAS');
insert into Role(code,label) values ('74','Associé indéfiniment et solidairement responsable');
insert into Role(code,label) values ('75','Associé indéfiniment responsable');
insert into Role(code,label) values ('76','Représentant social en France d’une entreprise étrangère');
insert into Role(code,label) values ('77','Représentant fiscal en France d’une entreprise étrangère');
insert into Role(code,label) values ('82','Indivisaire');
insert into Role(code,label) values ('86','Exploitant pour le compte de l’indivision');
insert into Role(code,label) values ('90','Personne physique, exploitant en commun');
insert into Role(code,label) values ('97','Mandataire ad hoc');
insert into Role(code,label) values ('98','Administrateur provisoire');
insert into Role(code,label) values ('99','Autre');
insert into Role(code,label) values ('94','Membre non salarié participant aux travaux');
insert into Role(code,label) values ('95','Associé qui participe à la gestion');
insert into Role(code,label) values ('96','Associé non salarié');
insert into Role(code,label) values ('100','Repreneur');
insert into Role(code,label) values ('101','Entrepreneur');
insert into Role(code,label) values ('103','Suppléant');
insert into Role(code,label) values ('104','Personne chargée du contrôle');
insert into Role(code,label) values ('105','Personne décisionnaire désignée');
insert into Role(code,label) values ('106','Comptable');
insert into Role(code,label) values ('107','Héritier indivisaire');
insert into Role(code,label) values ('108','Loueur');
delete from Role_Conjoint;
insert into Role_Conjoint(code,label) values ('1','Collaborateur');
insert into Role_Conjoint(code,label) values ('2','Associé ou chef d''exploitation');
insert into Role_Conjoint(code,label) values ('3','Salarié');
insert into Role_Conjoint(code,label) values ('4','Co-exploitant');
insert into Role_Conjoint(code,label) values ('5','Aucun');
delete from Role_Contrat;
insert into Role_Contrat(code,label) values ('APPUI','Contrat d''appui');
insert into Role_Contrat(code,label) values ('LOC','Contrat de location');
delete from Role_Entreprise;
insert into Role_Entreprise(code,label) values ('11','Membre');
insert into Role_Entreprise(code,label) values ('13','Contrôleur de gestion');
insert into Role_Entreprise(code,label) values ('14','Contrôleur des comptes');
insert into Role_Entreprise(code,label) values ('23','Autre associé majoritaire');
insert into Role_Entreprise(code,label) values ('28','Gérant et associé indéfiniment et solidairement responsable');
insert into Role_Entreprise(code,label) values ('29','Gérant et associé indéfiniment responsable');
insert into Role_Entreprise(code,label) values ('30','Gérant');
insert into Role_Entreprise(code,label) values ('40','Liquidateur');
insert into Role_Entreprise(code,label) values ('41','Associé unique (qui participe à l’activité EURL)');
insert into Role_Entreprise(code,label) values ('51','Président du conseil d’administration');
insert into Role_Entreprise(code,label) values ('52','Président du directoire');
insert into Role_Entreprise(code,label) values ('53','Directeur Général');
insert into Role_Entreprise(code,label) values ('55','Dirigeant à l’étranger d’une personne morale étrangère');
insert into Role_Entreprise(code,label) values ('56','Dirigeant en France d’une personne morale étrangère');
insert into Role_Entreprise(code,label) values ('60','Président du conseil d’administration et directeur général');
insert into Role_Entreprise(code,label) values ('61','Président du conseil de surveillance');
insert into Role_Entreprise(code,label) values ('63','Membre du directoire');
insert into Role_Entreprise(code,label) values ('64','Membre du conseil de surveillance');
insert into Role_Entreprise(code,label) values ('65','Administrateur');
insert into Role_Entreprise(code,label) values ('66','Personne ayant le pouvoir d’engager à titre habituel la société');
insert into Role_Entreprise(code,label) values ('69','Directeur général unique de SA à directoire');
insert into Role_Entreprise(code,label) values ('70','Directeur général délégué');
insert into Role_Entreprise(code,label) values ('71','Commissaire aux comptes titulaire');
insert into Role_Entreprise(code,label) values ('72','Commissaire aux comptes suppléant');
insert into Role_Entreprise(code,label) values ('73','Président de SAS');
insert into Role_Entreprise(code,label) values ('74','Associé indéfiniment et solidairement responsable');
insert into Role_Entreprise(code,label) values ('75','Associé indéfiniment responsable');
insert into Role_Entreprise(code,label) values ('76','Représentant social en France d’une entreprise étrangère');
insert into Role_Entreprise(code,label) values ('77','Représentant fiscal en France d’une entreprise étrangère');
insert into Role_Entreprise(code,label) values ('82','Indivisaire');
insert into Role_Entreprise(code,label) values ('86','Exploitant pour le compte de l’indivision');
insert into Role_Entreprise(code,label) values ('90','Personne physique, exploitant en commun');
insert into Role_Entreprise(code,label) values ('97','Mandataire ad hoc');
insert into Role_Entreprise(code,label) values ('98','Administrateur provisoire');
insert into Role_Entreprise(code,label) values ('99','Autre');
insert into Role_Entreprise(code,label) values ('94','Membre non salarié participant aux travaux');
insert into Role_Entreprise(code,label) values ('95','Associé qui participe à la gestion');
insert into Role_Entreprise(code,label) values ('96','Associé non salarié');
insert into Role_Entreprise(code,label) values ('100','Repreneur');
insert into Role_Entreprise(code,label) values ('101','Entrepreneur');
insert into Role_Entreprise(code,label) values ('103','Suppléant');
insert into Role_Entreprise(code,label) values ('104','Personne chargée du contrôle');
insert into Role_Entreprise(code,label) values ('105','Personne décisionnaire désignée');
insert into Role_Entreprise(code,label) values ('106','Comptable');
insert into Role_Entreprise(code,label) values ('107','Héritier indivisaire');
insert into Role_Entreprise(code,label) values ('108','Loueur');
delete from Role_Pour_Entreprise;
insert into Role_Pour_Entreprise(code,label) values ('1','Siège');
insert into Role_Pour_Entreprise(code,label) values ('2','Siège et établissement principal');
insert into Role_Pour_Entreprise(code,label) values ('3','Établissement principal');
insert into Role_Pour_Entreprise(code,label) values ('4','Établissement secondaire');
insert into Role_Pour_Entreprise(code,label) values ('5','Premier établissement en France (d''une société étrangère)');
insert into Role_Pour_Entreprise(code,label) values ('6','Firme étrangère employeur sans établissement en France');
delete from Second_Role_Entreprise;
insert into Second_Role_Entreprise(code,label) values ('11','Membre');
insert into Second_Role_Entreprise(code,label) values ('13','Contrôleur de gestion');
insert into Second_Role_Entreprise(code,label) values ('14','Contrôleur des comptes');
insert into Second_Role_Entreprise(code,label) values ('23','Autre associé majoritaire');
insert into Second_Role_Entreprise(code,label) values ('28','Gérant et associé indéfiniment et solidairement responsable');
insert into Second_Role_Entreprise(code,label) values ('29','Gérant et associé indéfiniment responsable');
insert into Second_Role_Entreprise(code,label) values ('30','Gérant');
insert into Second_Role_Entreprise(code,label) values ('40','Liquidateur');
insert into Second_Role_Entreprise(code,label) values ('41','Associé unique (qui participe à l’activité EURL)');
insert into Second_Role_Entreprise(code,label) values ('51','Président du conseil d’administration');
insert into Second_Role_Entreprise(code,label) values ('52','Président du directoire');
insert into Second_Role_Entreprise(code,label) values ('53','Directeur Général');
insert into Second_Role_Entreprise(code,label) values ('55','Dirigeant à l’étranger d’une personne morale étrangère');
insert into Second_Role_Entreprise(code,label) values ('56','Dirigeant en France d’une personne morale étrangère');
insert into Second_Role_Entreprise(code,label) values ('60','Président du conseil d’administration et directeur général');
insert into Second_Role_Entreprise(code,label) values ('61','Président du conseil de surveillance');
insert into Second_Role_Entreprise(code,label) values ('63','Membre du directoire');
insert into Second_Role_Entreprise(code,label) values ('64','Membre du conseil de surveillance');
insert into Second_Role_Entreprise(code,label) values ('65','Administrateur');
insert into Second_Role_Entreprise(code,label) values ('66','Personne ayant le pouvoir d’engager à titre habituel la société');
insert into Second_Role_Entreprise(code,label) values ('69','Directeur général unique de SA à directoire');
insert into Second_Role_Entreprise(code,label) values ('70','Directeur général délégué');
insert into Second_Role_Entreprise(code,label) values ('71','Commissaire aux comptes titulaire');
insert into Second_Role_Entreprise(code,label) values ('72','Commissaire aux comptes suppléant');
insert into Second_Role_Entreprise(code,label) values ('73','Président de SAS');
insert into Second_Role_Entreprise(code,label) values ('74','Associé indéfiniment et solidairement responsable');
insert into Second_Role_Entreprise(code,label) values ('75','Associé indéfiniment responsable');
insert into Second_Role_Entreprise(code,label) values ('76','Représentant social en France d’une entreprise étrangère');
insert into Second_Role_Entreprise(code,label) values ('77','Représentant fiscal en France d’une entreprise étrangère');
insert into Second_Role_Entreprise(code,label) values ('82','Indivisaire');
insert into Second_Role_Entreprise(code,label) values ('86','Exploitant pour le compte de l’indivision');
insert into Second_Role_Entreprise(code,label) values ('90','Personne physique, exploitant en commun');
insert into Second_Role_Entreprise(code,label) values ('97','Mandataire ad hoc');
insert into Second_Role_Entreprise(code,label) values ('98','Administrateur provisoire');
insert into Second_Role_Entreprise(code,label) values ('99','Autre');
insert into Second_Role_Entreprise(code,label) values ('94','Membre non salarié participant aux travaux');
insert into Second_Role_Entreprise(code,label) values ('95','Associé qui participe à la gestion');
insert into Second_Role_Entreprise(code,label) values ('96','Associé non salarié');
insert into Second_Role_Entreprise(code,label) values ('100','Repreneur');
insert into Second_Role_Entreprise(code,label) values ('101','Entrepreneur');
insert into Second_Role_Entreprise(code,label) values ('103','Suppléant');
insert into Second_Role_Entreprise(code,label) values ('104','Personne chargée du contrôle');
insert into Second_Role_Entreprise(code,label) values ('105','Personne décisionnaire désignée');
insert into Second_Role_Entreprise(code,label) values ('106','Comptable');
insert into Second_Role_Entreprise(code,label) values ('107','Héritier indivisaire');
insert into Second_Role_Entreprise(code,label) values ('108','Loueur');
delete from Situation_Matrimoniale;
insert into Situation_Matrimoniale(code,label) values ('1','Célibataire');
insert into Situation_Matrimoniale(code,label) values ('2','Divorcé');
insert into Situation_Matrimoniale(code,label) values ('3','Veuf');
insert into Situation_Matrimoniale(code,label) values ('4','Marié');
insert into Situation_Matrimoniale(code,label) values ('5','Pacsé');
insert into Situation_Matrimoniale(code,label) values ('6','En concubinage');
delete from situation_visavis_msa;
insert into situation_visavis_msa(code,label) values ('1','Déjà immatriculé');
insert into situation_visavis_msa(code,label) values ('2','Non immatriculé');
delete from Status;
insert into Status(code,label) values ('RECEIVED','Formalité reçue');
insert into Status(code,label) values ('ERROR','Formalité avec une erreur technique (par exemple un fichier vérolé)');
insert into Status(code,label) values ('PAYMENT_PENDING','En attente de paiement');
insert into Status(code,label) values ('PAYMENT_VALIDATION_PENDING','En attente de validation de paiement par MIP');
insert into Status(code,label) values ('PAID','Formalité payée');
insert into Status(code,label) values ('VALIDATION_PENDING','Formalité en attente de validation par un ou plusieurs partenaire');
insert into Status(code,label) values ('AMENDMENT_PENDING','Formalité en attente de régularisation par le déclarant');
insert into Status(code,label) values ('EXPIRED','Formalité expirée (non régularisé par le déclarant)');
insert into Status(code,label) values ('VALIDATED','Formalité validée (par l''ensemble des partenaires)');
insert into Status(code,label) values ('REJECTED','Formalité rejetée (par au moins un partenaire)');
insert into Status(code,label) values ('SIGNATURE_PENDING','Formalité en attente de signature');
insert into Status(code,label) values ('SIGNED','Formalité signée');
delete from Statut_Contrat;
insert into Statut_Contrat(code,label) values ('NOUVEAU','Nouveau');
insert into Statut_Contrat(code,label) values ('MODIFIE','Modifié');
insert into Statut_Contrat(code,label) values ('SUPPRIME','Supprimé');
insert into Statut_Contrat(code,label) values ('INCHANGE','Inchangé');
delete from Statut_Domaine;
insert into Statut_Domaine(code,label) values ('1','Nouveau');
insert into Statut_Domaine(code,label) values ('2','Remplacé');
insert into Statut_Domaine(code,label) values ('3','Supprimé');
delete from Statut_Exercice_Activite_Simultan;
insert into Statut_Exercice_Activite_Simultan(code,label) values ('1','Salarié');
insert into Statut_Exercice_Activite_Simultan(code,label) values ('2','Salarié agricole');
insert into Statut_Exercice_Activite_Simultan(code,label) values ('9','Autre');
insert into Statut_Exercice_Activite_Simultan(code,label) values ('A','Non salarié non agricole');
insert into Statut_Exercice_Activite_Simultan(code,label) values ('B','Retraité');
insert into Statut_Exercice_Activite_Simultan(code,label) values ('C','Pensionné invalidité');
delete from Statut_Formalite;
insert into Statut_Formalite(code,label) values ('A','Adjonction');
insert into Statut_Formalite(code,label) values ('M','Modification');
insert into Statut_Formalite(code,label) values ('S','Suppression');
insert into Statut_Formalite(code,label) values ('I','Inchangée');
delete from Statut_Pour_Formalite;
insert into Statut_Pour_Formalite(code,label) values ('1','Nouveau, ouverture');
insert into Statut_Pour_Formalite(code,label) values ('2','Supprimé, fermeture');
insert into Statut_Pour_Formalite(code,label) values ('3','Modifié');
insert into Statut_Pour_Formalite(code,label) values ('4','Reprise d’activité après cessation temporaire');
insert into Statut_Pour_Formalite(code,label) values ('5','Inchangé');
delete from Statut_Pour_La_Formalite;
insert into Statut_Pour_La_Formalite(code,label) values ('1','Ajout');
insert into Statut_Pour_La_Formalite(code,label) values ('2','Modification');
insert into Statut_Pour_La_Formalite(code,label) values ('3','Suppression');
insert into Statut_Pour_La_Formalite(code,label) values ('4','Inchangée');
delete from Statut_Pour_La_Formalite_Bloc_Re;
insert into Statut_Pour_La_Formalite_Bloc_Re(code,label) values ('CREATION','Création');
insert into Statut_Pour_La_Formalite_Bloc_Re(code,label) values ('MODIFICATION','Modification');
insert into Statut_Pour_La_Formalite_Bloc_Re(code,label) values ('INCHANGE','Inchangé');
delete from Statut_Praticien;
insert into Statut_Praticien(code,label) values ('0','Titulaire');
insert into Statut_Praticien(code,label) values ('1','Remplaçant');
insert into Statut_Praticien(code,label) values ('2','RSPM (Régime Simplifié des Professions Médicales)');
delete from statut_visavis_formalite;
insert into statut_visavis_formalite(code,label) values ('1','Ajout');
insert into statut_visavis_formalite(code,label) values ('2','Modification');
insert into statut_visavis_formalite(code,label) values ('3','Suppression');
insert into statut_visavis_formalite(code,label) values ('4','Inchangée');
delete from Succursale_Ou_Filiale;
insert into Succursale_Ou_Filiale(code,label) values ('ETABLISSEMENT_OU_SUCCURSALE','Succursale d''une entreprise étrangère');
insert into Succursale_Ou_Filiale(code,label) values ('FILIALE','Filiale');
insert into Succursale_Ou_Filiale(code,label) values ('AVEC_ETABLISSEMENT','Avec établissement');
insert into Succursale_Ou_Filiale(code,label) values ('AUCUN_ETABLISSEMENT','Sans établissement');
insert into Succursale_Ou_Filiale(code,label) values ('BUREAU_DE_LIAISON','Bureau de liaison d''une entreprise étrangère');
delete from Tacite_Reconduction;
insert into Tacite_Reconduction(code,label) values ('O','Oui');
insert into Tacite_Reconduction(code,label) values ('N','Non');
insert into Tacite_Reconduction(code,label) values ('I','Durée illimitée');
delete from Totalite_Partie;
insert into Totalite_Partie(code,label) values ('1','Totalité');
insert into Totalite_Partie(code,label) values ('2','Une partie');
delete from Tutelle_Curatelle;
insert into Tutelle_Curatelle(code,label) values ('T','Tutelle');
insert into Tutelle_Curatelle(code,label) values ('C','Curatelle');
insert into Tutelle_Curatelle(code,label) values ('S','Suppression de la mention');
insert into Tutelle_Curatelle(code,label) values ('A','Aucun');
delete from Type_De_Personne;
insert into Type_De_Personne(code,label) values ('INDIVIDU','Individu');
insert into Type_De_Personne(code,label) values ('ENTREPRISE','Entreprise');
insert into Type_De_Personne(code,label) values ('ASSOCIATION','Association');
insert into Type_De_Personne(code,label) values ('AUTRE','Autre');
delete from Type_De_Statuts;
insert into Type_De_Statuts(code,label) values ('1','Statuts types');
insert into Type_De_Statuts(code,label) values ('2','Statuts différents');
delete from Type_Dissolution;
insert into Type_Dissolution(code,label) values ('1','Avec liquidation');
insert into Type_Dissolution(code,label) values ('2','Sans liquidation');
delete from Type_Exploitation;
insert into Type_Exploitation(code,label) values ('2110','Indivision entre personnes physiques');
insert into Type_Exploitation(code,label) values ('2120','Indivision avec personne morale');
insert into Type_Exploitation(code,label) values ('2210','Société créée de fait entre personnes physiques');
insert into Type_Exploitation(code,label) values ('2220','Société créée de fait avec personne morale');
insert into Type_Exploitation(code,label) values ('2310','Société en participation entre personnes physiques');
insert into Type_Exploitation(code,label) values ('2320','Société en participation avec personne morale');
insert into Type_Exploitation(code,label) values ('2385','Société en participation de professions libérales');
delete from Type_Formalite;
insert into Type_Formalite(code,label) values ('C','Création');
insert into Type_Formalite(code,label) values ('M','Modification');
insert into Type_Formalite(code,label) values ('R','Cessation');
insert into Type_Formalite(code,label) values ('V','Correction');
delete from Type_Liasse;
insert into Type_Liasse(code,label) values ('C','Commerce');
insert into Type_Liasse(code,label) values ('M','Artisan');
insert into Type_Liasse(code,label) values ('L','Profession libérale');
insert into Type_Liasse(code,label) values ('R','Agent commercial');
insert into Type_Liasse(code,label) values ('A','Agricole');
insert into Type_Liasse(code,label) values ('G','Sociétés civiles, SEL, GIE-GEIE, …');
insert into Type_Liasse(code,label) values ('S','Associations');
insert into Type_Liasse(code,label) values ('I','Impôts');
insert into Type_Liasse(code,label) values ('E','Entreprise étrangère');
insert into Type_Liasse(code,label) values ('N','Mention d’office origine RM');
insert into Type_Liasse(code,label) values ('Y','Commerçant autoentrepreneur');
insert into Type_Liasse(code,label) values ('Z','Artisan autoentrepreneur');
insert into Type_Liasse(code,label) values ('X','Autre profession autoentrepreneur');
delete from Type_Locataire_Gerant_Mandataire;
insert into Type_Locataire_Gerant_Mandataire(code,label) values ('INDIVIDU','Personne Physique');
insert into Type_Locataire_Gerant_Mandataire(code,label) values ('ENTREPRISE','Personne Morale');
delete from Type_Origine;
insert into Type_Origine(code,label) values ('1','Création');
insert into Type_Origine(code,label) values ('3','Achat');
insert into Type_Origine(code,label) values ('4','Apport');
insert into Type_Origine(code,label) values ('6','Prise en location gérance');
insert into Type_Origine(code,label) values ('7','Partage');
insert into Type_Origine(code,label) values ('8','Reprise');
insert into Type_Origine(code,label) values ('9','Autre');
insert into Type_Origine(code,label) values ('F','Gérance - Mandat');
insert into Type_Origine(code,label) values ('A','Reprise globale d''une exploitation');
insert into Type_Origine(code,label) values ('B','Poursuite de l''exploitation par le conjoint');
insert into Type_Origine(code,label) values ('C','Transfert de propriété');
insert into Type_Origine(code,label) values ('D','Apport d''exploitation(s) individuelle(s)');
insert into Type_Origine(code,label) values ('E','Reprise totale/partielle d''expl. individuelle(s)');
delete from Type_Personne;
insert into Type_Personne(code,label) values ('E','Exploitation');
insert into Type_Personne(code,label) values ('P','Personne Physique');
insert into Type_Personne(code,label) values ('M','Personne Morale');
delete from Type_Personne_Bloc_Preneur_Bail;
insert into Type_Personne_Bloc_Preneur_Bail(code,label) values ('INDIVIDU','Personne Physique');
insert into Type_Personne_Bloc_Preneur_Bail(code,label) values ('ENTREPRISE','Personne Morale');
delete from Type_Personne_Ancien_Exploitant;
insert into Type_Personne_Ancien_Exploitant(code,label) values ('INDIVIDU','Personne Physique');
insert into Type_Personne_Ancien_Exploitant(code,label) values ('ENTREPRISE','Personne Morale');
delete from Type_Personne_Contractante;
insert into Type_Personne_Contractante(code,label) values ('INDIVIDU','Individu');
insert into Type_Personne_Contractante(code,label) values ('ENTREPRISE','Entreprise');
insert into Type_Personne_Contractante(code,label) values ('ASSOCIATION','Association');
insert into Type_Personne_Contractante(code,label) values ('AUTRE','Autre');
delete from Type_Representant;
insert into Type_Representant(code,label) values ('INDIVIDU','Personne Physique');
insert into Type_Representant(code,label) values ('ENTREPRISE','Personne Morale');
delete from Type_Voie;
insert into Type_Voie(code,label) values ('ALL','ALLEE');
insert into Type_Voie(code,label) values ('AV','AVENUE');
insert into Type_Voie(code,label) values ('BD','BOULEVARD');
insert into Type_Voie(code,label) values ('CAR','CARREFOUR');
insert into Type_Voie(code,label) values ('CHE','CHEMIN');
insert into Type_Voie(code,label) values ('CHS','CHAUSSEE');
insert into Type_Voie(code,label) values ('CITE','CITE');
insert into Type_Voie(code,label) values ('COR','CORNICHE');
insert into Type_Voie(code,label) values ('CRS','COURS');
insert into Type_Voie(code,label) values ('DOM','DOMAINE');
insert into Type_Voie(code,label) values ('DSC','DESCENTE');
insert into Type_Voie(code,label) values ('ECA','ECART');
insert into Type_Voie(code,label) values ('ESP','ESPLANAGE');
insert into Type_Voie(code,label) values ('FG','FAUBOURG');
insert into Type_Voie(code,label) values ('GR','GRANDE RUE');
insert into Type_Voie(code,label) values ('HAM','HAMEAU');
insert into Type_Voie(code,label) values ('HLE','HALLE');
insert into Type_Voie(code,label) values ('IMP','IMPASSE');
insert into Type_Voie(code,label) values ('LD','LIEU-DIT');
insert into Type_Voie(code,label) values ('LOT','LOTISSEMENT');
insert into Type_Voie(code,label) values ('MAR','MARCHE');
insert into Type_Voie(code,label) values ('MTE','MONTEE');
insert into Type_Voie(code,label) values ('PAS','PASSAGE');
insert into Type_Voie(code,label) values ('PL','PLACE');
insert into Type_Voie(code,label) values ('PLN','PLAINE');
insert into Type_Voie(code,label) values ('PLT','PLATEZA');
insert into Type_Voie(code,label) values ('PRO','PROMENADE');
insert into Type_Voie(code,label) values ('PRV','PARVIS');
insert into Type_Voie(code,label) values ('QUA','QUARTIER');
insert into Type_Voie(code,label) values ('QUAI','QUAI');
insert into Type_Voie(code,label) values ('RES','RESIDENCE');
insert into Type_Voie(code,label) values ('RLE','RUELLE');
insert into Type_Voie(code,label) values ('ROC','ROCADE');
insert into Type_Voie(code,label) values ('RPT','ROND-POINT');
insert into Type_Voie(code,label) values ('RTE','ROUTE');
insert into Type_Voie(code,label) values ('RUE','RUE');
insert into Type_Voie(code,label) values ('STE','SENTIER');
insert into Type_Voie(code,label) values ('SQ','SQUARE');
insert into Type_Voie(code,label) values ('TPL','TERRE-PLEIN');
insert into Type_Voie(code,label) values ('TRA','TRAVERSE');
insert into Type_Voie(code,label) values ('VLA','VILLA');
insert into Type_Voie(code,label) values ('VLGE','VILLAGE');
